<?xml version="1.0" encoding="UTF-8"?>
<document type="com.apple.InterfaceBuilder3.CocoaTouch.Storyboard.XIB" version="3.0" toolsVersion="21507" targetRuntime="iOS.CocoaTouch" propertyAccessControl="none" useAutolayout="YES" useTraitCollections="YES" useSafeAreas="YES" colorMatched="YES" initialViewController="BYZ-38-t0r">
    <device id="retina6_12" orientation="portrait" appearance="light"/>
    <dependencies>
        <plugIn identifier="com.apple.InterfaceBuilder.IBCocoaTouchPlugin" version="21505"/>
        <capability name="Safe area layout guides" minToolsVersion="9.0"/>
        <capability name="System colors in document resources" minToolsVersion="11.0"/>
        <capability name="documents saved in the Xcode 8 format" minToolsVersion="8.0"/>
    </dependencies>
    <scenes>
        <!--View Controller-->
        <scene sceneID="tne-QT-ifu">
            <objects>
                <viewController id="BYZ-38-t0r" customClass="ViewController" customModule="constraints_bet_sib" customModuleProvider="target" sceneMemberID="viewController">
                    <view key="view" contentMode="scaleToFill" id="8bC-Xf-vdC">
                        <rect key="frame" x="0.0" y="0.0" width="393" height="852"/>
                        <autoresizingMask key="autoresizingMask" widthSizable="YES" heightSizable="YES"/>
                        <subviews>
                            <stackView opaque="NO" contentMode="scaleToFill" axis="vertical" distribution="fillEqually" alignment="center" translatesAutoresizingMaskIntoConstraints="NO" id="sx8-ik-FhN">
                                <rect key="frame" x="0.0" y="59" width="393" height="300"/>
                                <subviews>
                                    <label opaque="NO" userInteractionEnabled="NO" contentMode="left" horizontalHuggingPriority="251" verticalHuggingPriority="251" text="Suraj Upadhye" textAlignment="natural" lineBreakMode="tailTruncation" baselineAdjustment="alignBaselines" adjustsFontSizeToFit="NO" translatesAutoresizingMaskIntoConstraints="NO" id="bva-9C-08q">
                                        <rect key="frame" x="141" y="0.0" width="111" height="44"/>
                                        <autoresizingMask key="autoresizingMask" flexibleMaxX="YES" flexibleMaxY="YES"/>
                                        <color key="backgroundColor" systemColor="systemPinkColor"/>
                                        <fontDescription key="fontDescription" type="system" pointSize="17"/>
                                        <nil key="textColor"/>
                                        <nil key="highlightedColor"/>
                                    </label>
                                    <label opaque="NO" userInteractionEnabled="NO" contentMode="left" horizontalHuggingPriority="251" verticalHuggingPriority="252" text="CSE Student" textAlignment="natural" lineBreakMode="tailTruncation" baselineAdjustment="alignBaselines" adjustsFontSizeToFit="NO" translatesAutoresizingMaskIntoConstraints="NO" id="ODq-RM-ykP">
                                        <rect key="frame" x="148.33333333333334" y="0.0" width="96.666666666666657" height="60"/>
                                        <color key="backgroundColor" systemColor="systemGreenColor"/>
                                        <fontDescription key="fontDescription" type="system" pointSize="17"/>
                                        <nil key="textColor"/>
                                        <nil key="highlightedColor"/>
                                    </label>
                                    <label opaque="NO" userInteractionEnabled="NO" contentMode="left" horizontalHuggingPriority="251" verticalHuggingPriority="251" text="Loves to play chess" textAlignment="natural" lineBreakMode="tailTruncation" baselineAdjustment="alignBaselines" adjustsFontSizeToFit="NO" translatesAutoresizingMaskIntoConstraints="NO" id="Xne-wi-BCI">
                                        <rect key="frame" x="122.33333333333333" y="80" width="148.66666666666669" height="60"/>
                                        <color key="backgroundColor" systemColor="systemIndigoColor"/>
                                        <fontDescription key="fontDescription" type="system" pointSize="17"/>
                                        <nil key="textColor"/>
                                        <nil key="highlightedColor"/>
                                    </label>
                                    <label opaque="NO" userInteractionEnabled="NO" contentMode="left" horizontalHuggingPriority="251" verticalHuggingPriority="251" text="Learning to Build iOS App" textAlignment="natural" lineBreakMode="tailTruncation" baselineAdjustment="alignBaselines" adjustsFontSizeToFit="NO" translatesAutoresizingMaskIntoConstraints="NO" id="QrY-2m-7oP">
                                        <rect key="frame" x="99.333333333333329" y="160" width="194.33333333333337" height="60"/>
                                        <color key="backgroundColor" systemColor="systemPurpleColor"/>
                                        <fontDescription key="fontDescription" type="system" pointSize="17"/>
                                        <nil key="textColor"/>
                                        <nil key="highlightedColor"/>
                                    </label>
                                    <label opaque="NO" userInteractionEnabled="NO" contentMode="left" horizontalHuggingPriority="251" verticalHuggingPriority="251" text="Just Started Coin Collection" textAlignment="natural" lineBreakMode="tailTruncation" baselineAdjustment="alignBaselines" adjustsFontSizeToFit="NO" translatesAutoresizingMaskIntoConstraints="NO" id="SoO-ak-PJ9">
                                        <rect key="frame" x="90.333333333333329" y="240" width="212.66666666666669" height="60"/>
                                        <color key="backgroundColor" systemColor="systemOrangeColor"/>
                                        <fontDescription key="fontDescription" type="system" pointSize="17"/>
                                        <nil key="textColor"/>
                                        <nil key="highlightedColor"/>
                                    </label>
                                </subviews>
                                <constraints>
                                    <constraint firstAttribute="height" constant="300" id="Rzg-MK-Ujr"/>
                                </constraints>
                                <variation key="default">
                                    <mask key="subviews">
                                        <exclude reference="bva-9C-08q"/>
                                    </mask>
                                </variation>
                                <variation key="heightClass=regular-widthClass=compact" spacing="20"/>
                            </stackView>
                        </subviews>
                        <viewLayoutGuide key="safeArea" id="6Tk-OE-BBY"/>
                        <color key="backgroundColor" systemColor="systemBackgroundColor"/>
                        <constraints>
                            <constraint firstItem="6Tk-OE-BBY" firstAttribute="trailing" secondItem="sx8-ik-FhN" secondAttribute="trailing" id="MsT-fg-vk6"/>
                            <constraint firstItem="sx8-ik-FhN" firstAttribute="leading" secondItem="6Tk-OE-BBY" secondAttribute="leading" id="hXd-4Q-HdP"/>
                            <constraint firstItem="sx8-ik-FhN" firstAttribute="top" secondItem="6Tk-OE-BBY" secondAttribute="top" id="mrI-Zj-Nza"/>
                        </constraints>
                    </view>
                </viewController>
                <placeholder placeholderIdentifier="IBFirstResponder" id="dkx-z0-nzr" sceneMemberID="firstResponder"/>
            </objects>
            <point key="canvasLocation" x="-7" y="4"/>
        </scene>
    </scenes>
    <resources>
        <systemColor name="systemBackgroundColor">
            <color white="1" alpha="1" colorSpace="custom" customColorSpace="genericGamma22GrayColorSpace"/>
        </systemColor>
        <systemColor name="systemGreenColor">
            <color red="0.20392156862745098" green="0.7803921568627451" blue="0.34901960784313724" alpha="1" colorSpace="custom" customColorSpace="sRGB"/>
        </systemColor>
        <systemColor name="systemIndigoColor">
            <color red="0.34509803921568627" green="0.33725490196078434" blue="0.83921568627450982" alpha="1" colorSpace="custom" customColorSpace="sRGB"/>
        </systemColor>
        <systemColor name="systemOrangeColor">
            <color red="1" green="0.58431372549019611" blue="0.0" alpha="1" colorSpace="custom" customColorSpace="sRGB"/>
        </systemColor>
        <systemColor name="systemPinkColor">
            <color red="1" green="0.17647058823529413" blue="0.33333333333333331" alpha="1" colorSpace="custom" customColorSpace="sRGB"/>
        </systemColor>
        <systemColor name="systemPurpleColor">
            <color red="0.68627450980392157" green="0.32156862745098042" blue="0.87058823529411766" alpha="1" colorSpace="custom" customColorSpace="sRGB"/>
        </systemColor>
    </resources>
</document>
