<?xml version="1.0" encoding="UTF-8"?>
<document type="com.apple.InterfaceBuilder3.CocoaTouch.Storyboard.XIB" version="3.0" toolsVersion="21507" targetRuntime="iOS.CocoaTouch" propertyAccessControl="none" useAutolayout="YES" useTraitCollections="YES" useSafeAreas="YES" colorMatched="YES" initialViewController="BYZ-38-t0r">
    <device id="retina6_0" orientation="portrait" appearance="light"/>
    <dependencies>
        <plugIn identifier="com.apple.InterfaceBuilder.IBCocoaTouchPlugin" version="21505"/>
        <capability name="Safe area layout guides" minToolsVersion="9.0"/>
        <capability name="System colors in document resources" minToolsVersion="11.0"/>
        <capability name="documents saved in the Xcode 8 format" minToolsVersion="8.0"/>
    </dependencies>
    <scenes>
        <!--View Controller-->
        <scene sceneID="tne-QT-ifu">
            <objects>
                <viewController id="BYZ-38-t0r" customClass="ViewController" customModule="Calculator" customModuleProvider="target" sceneMemberID="viewController">
                    <view key="view" contentMode="scaleToFill" id="8bC-Xf-vdC">
                        <rect key="frame" x="0.0" y="0.0" width="390" height="844"/>
                        <autoresizingMask key="autoresizingMask" widthSizable="YES" heightSizable="YES"/>
                        <subviews>
                            <stackView opaque="NO" contentMode="scaleToFill" axis="vertical" translatesAutoresizingMaskIntoConstraints="NO" id="Yk7-0c-9mU">
                                <rect key="frame" x="0.0" y="47" width="390" height="763"/>
                                <subviews>
                                    <view contentMode="scaleToFill" translatesAutoresizingMaskIntoConstraints="NO" id="RVc-68-FWn">
                                        <rect key="frame" x="0.0" y="0.0" width="390" height="259.33333333333331"/>
                                        <subviews>
                                            <label opaque="NO" userInteractionEnabled="NO" contentMode="left" horizontalHuggingPriority="251" verticalHuggingPriority="251" misplaced="YES" text="0" textAlignment="natural" lineBreakMode="tailTruncation" baselineAdjustment="alignBaselines" adjustsFontSizeToFit="NO" translatesAutoresizingMaskIntoConstraints="NO" id="yKc-BK-ev4">
                                                <rect key="frame" x="359" y="201" width="23" height="50"/>
                                                <fontDescription key="fontDescription" type="system" pointSize="30"/>
                                                <nil key="textColor"/>
                                                <nil key="highlightedColor"/>
                                            </label>
                                        </subviews>
                                        <color key="backgroundColor" systemColor="systemBackgroundColor"/>
                                        <constraints>
                                            <constraint firstAttribute="bottom" secondItem="yKc-BK-ev4" secondAttribute="bottom" constant="8" id="7L7-91-9gO"/>
                                            <constraint firstAttribute="trailing" secondItem="yKc-BK-ev4" secondAttribute="trailing" constant="8" id="NVQ-xm-bEm"/>
                                            <constraint firstItem="yKc-BK-ev4" firstAttribute="top" secondItem="RVc-68-FWn" secondAttribute="top" constant="120" id="a1y-Gg-S7Y"/>
                                            <constraint firstItem="yKc-BK-ev4" firstAttribute="leading" secondItem="RVc-68-FWn" secondAttribute="leading" constant="174" id="arA-Lh-6zW"/>
                                        </constraints>
                                    </view>
                                    <view contentMode="scaleToFill" translatesAutoresizingMaskIntoConstraints="NO" id="rZx-gc-hHo">
                                        <rect key="frame" x="0.0" y="259.33333333333326" width="390" height="503.66666666666674"/>
                                        <subviews>
                                            <stackView opaque="NO" contentMode="scaleToFill" axis="vertical" distribution="fillEqually" spacing="1" translatesAutoresizingMaskIntoConstraints="NO" id="8Cj-OG-mJr">
                                                <rect key="frame" x="0.0" y="0.0" width="390" height="503.66666666666669"/>
                                                <subviews>
                                                    <stackView opaque="NO" contentMode="scaleToFill" distribution="fillEqually" spacing="1" translatesAutoresizingMaskIntoConstraints="NO" id="yEw-55-59Q">
                                                        <rect key="frame" x="0.0" y="0.0" width="390" height="100"/>
                                                        <subviews>
                                                            <button opaque="NO" contentMode="scaleToFill" contentHorizontalAlignment="center" contentVerticalAlignment="center" buttonType="system" lineBreakMode="middleTruncation" translatesAutoresizingMaskIntoConstraints="NO" id="fZY-5N-U9x">
                                                                <rect key="frame" x="0.0" y="0.0" width="96.666666666666671" height="100"/>
                                                                <color key="backgroundColor" white="0.33333333333333331" alpha="1" colorSpace="custom" customColorSpace="genericGamma22GrayColorSpace"/>
                                                                <color key="tintColor" white="0.0" alpha="1" colorSpace="custom" customColorSpace="genericGamma22GrayColorSpace"/>
                                                                <state key="normal" title="Button"/>
                                                                <buttonConfiguration key="configuration" style="plain" title="Clear"/>
                                                            </button>
                                                            <button opaque="NO" contentMode="scaleToFill" contentHorizontalAlignment="center" contentVerticalAlignment="center" buttonType="system" lineBreakMode="middleTruncation" translatesAutoresizingMaskIntoConstraints="NO" id="IFX-8a-DUh">
                                                                <rect key="frame" x="97.666666666666686" y="0.0" width="97" height="100"/>
                                                                <color key="backgroundColor" white="0.33333333333333331" alpha="1" colorSpace="custom" customColorSpace="genericGamma22GrayColorSpace"/>
                                                                <color key="tintColor" white="0.0" alpha="1" colorSpace="custom" customColorSpace="genericGamma22GrayColorSpace"/>
                                                                <state key="normal" title="Button"/>
                                                                <buttonConfiguration key="configuration" style="plain" title="+/-"/>
                                                            </button>
                                                            <button opaque="NO" contentMode="scaleToFill" contentHorizontalAlignment="center" contentVerticalAlignment="center" buttonType="system" lineBreakMode="middleTruncation" translatesAutoresizingMaskIntoConstraints="NO" id="vG3-bG-Fs6">
                                                                <rect key="frame" x="195.66666666666666" y="0.0" width="96.666666666666657" height="100"/>
                                                                <color key="backgroundColor" white="0.33333333333333331" alpha="1" colorSpace="custom" customColorSpace="genericGamma22GrayColorSpace"/>
                                                                <color key="tintColor" white="0.0" alpha="1" colorSpace="custom" customColorSpace="genericGamma22GrayColorSpace"/>
                                                                <state key="normal" title="Button"/>
                                                                <buttonConfiguration key="configuration" style="plain" title="%"/>
                                                            </button>
                                                            <button opaque="NO" contentMode="scaleToFill" contentHorizontalAlignment="center" contentVerticalAlignment="center" buttonType="system" lineBreakMode="middleTruncation" translatesAutoresizingMaskIntoConstraints="NO" id="2Kk-Gr-XHK">
                                                                <rect key="frame" x="293.33333333333331" y="0.0" width="96.666666666666686" height="100"/>
                                                                <color key="backgroundColor" systemColor="systemRedColor"/>
                                                                <color key="tintColor" white="0.0" alpha="1" colorSpace="custom" customColorSpace="genericGamma22GrayColorSpace"/>
                                                                <state key="normal" title="Button"/>
                                                                <buttonConfiguration key="configuration" style="plain" title="/"/>
                                                            </button>
                                                        </subviews>
                                                    </stackView>
                                                    <stackView opaque="NO" contentMode="scaleToFill" distribution="fillEqually" spacing="1" translatesAutoresizingMaskIntoConstraints="NO" id="9He-LL-FLq">
                                                        <rect key="frame" x="0.0" y="101" width="390" height="100"/>
                                                        <subviews>
                                                            <button opaque="NO" contentMode="scaleToFill" contentHorizontalAlignment="center" contentVerticalAlignment="center" buttonType="system" lineBreakMode="middleTruncation" translatesAutoresizingMaskIntoConstraints="NO" id="pgD-IC-vSP">
                                                                <rect key="frame" x="0.0" y="0.0" width="96.666666666666671" height="100"/>
                                                                <color key="backgroundColor" white="0.66666666669999997" alpha="1" colorSpace="custom" customColorSpace="genericGamma22GrayColorSpace"/>
                                                                <color key="tintColor" white="0.0" alpha="1" colorSpace="custom" customColorSpace="genericGamma22GrayColorSpace"/>
                                                                <state key="normal" title="Button"/>
                                                                <buttonConfiguration key="configuration" style="plain" title="7"/>
                                                            </button>
                                                            <button opaque="NO" contentMode="scaleToFill" contentHorizontalAlignment="center" contentVerticalAlignment="center" buttonType="system" lineBreakMode="middleTruncation" translatesAutoresizingMaskIntoConstraints="NO" id="tbK-fs-oOO">
                                                                <rect key="frame" x="97.666666666666686" y="0.0" width="97" height="100"/>
                                                                <color key="backgroundColor" white="0.66666666669999997" alpha="1" colorSpace="custom" customColorSpace="genericGamma22GrayColorSpace"/>
                                                                <color key="tintColor" white="0.0" alpha="1" colorSpace="custom" customColorSpace="genericGamma22GrayColorSpace"/>
                                                                <state key="normal" title="Button"/>
                                                                <buttonConfiguration key="configuration" style="plain" title="8"/>
                                                            </button>
                                                            <button opaque="NO" contentMode="scaleToFill" contentHorizontalAlignment="center" contentVerticalAlignment="center" buttonType="system" lineBreakMode="middleTruncation" translatesAutoresizingMaskIntoConstraints="NO" id="Txt-r6-AfW">
                                                                <rect key="frame" x="195.66666666666666" y="0.0" width="96.666666666666657" height="100"/>
                                                                <color key="backgroundColor" white="0.66666666669999997" alpha="1" colorSpace="custom" customColorSpace="genericGamma22GrayColorSpace"/>
                                                                <color key="tintColor" white="0.0" alpha="1" colorSpace="custom" customColorSpace="genericGamma22GrayColorSpace"/>
                                                                <state key="normal" title="Button"/>
                                                                <buttonConfiguration key="configuration" style="plain" title="9"/>
                                                            </button>
                                                            <button opaque="NO" contentMode="scaleToFill" contentHorizontalAlignment="center" contentVerticalAlignment="center" buttonType="system" lineBreakMode="middleTruncation" translatesAutoresizingMaskIntoConstraints="NO" id="5fp-PL-RlH">
                                                                <rect key="frame" x="293.33333333333331" y="0.0" width="96.666666666666686" height="100"/>
                                                                <color key="backgroundColor" systemColor="systemRedColor"/>
                                                                <color key="tintColor" white="0.0" alpha="1" colorSpace="custom" customColorSpace="genericGamma22GrayColorSpace"/>
                                                                <state key="normal" title="Button"/>
                                                                <buttonConfiguration key="configuration" style="plain" title="x"/>
                                                            </button>
                                                        </subviews>
                                                    </stackView>
                                                    <stackView opaque="NO" contentMode="scaleToFill" distribution="fillEqually" spacing="1" translatesAutoresizingMaskIntoConstraints="NO" id="sAG-ZP-BW9">
                                                        <rect key="frame" x="0.0" y="202" width="390" height="100"/>
                                                        <subviews>
                                                            <button opaque="NO" contentMode="scaleToFill" contentHorizontalAlignment="center" contentVerticalAlignment="center" buttonType="system" lineBreakMode="middleTruncation" translatesAutoresizingMaskIntoConstraints="NO" id="Afh-TZ-otm">
                                                                <rect key="frame" x="0.0" y="0.0" width="96.666666666666671" height="100"/>
                                                                <color key="backgroundColor" white="0.66666666669999997" alpha="1" colorSpace="custom" customColorSpace="genericGamma22GrayColorSpace"/>
                                                                <color key="tintColor" white="0.0" alpha="1" colorSpace="custom" customColorSpace="genericGamma22GrayColorSpace"/>
                                                                <state key="normal" title="Button"/>
                                                                <buttonConfiguration key="configuration" style="plain" title="4"/>
                                                            </button>
                                                            <button opaque="NO" contentMode="scaleToFill" contentHorizontalAlignment="center" contentVerticalAlignment="center" buttonType="system" lineBreakMode="middleTruncation" translatesAutoresizingMaskIntoConstraints="NO" id="IKP-8S-AtE">
                                                                <rect key="frame" x="97.666666666666686" y="0.0" width="97" height="100"/>
                                                                <color key="backgroundColor" white="0.66666666669999997" alpha="1" colorSpace="custom" customColorSpace="genericGamma22GrayColorSpace"/>
                                                                <color key="tintColor" white="0.0" alpha="1" colorSpace="custom" customColorSpace="genericGamma22GrayColorSpace"/>
                                                                <state key="normal" title="Button"/>
                                                                <buttonConfiguration key="configuration" style="plain" title="5"/>
                                                            </button>
                                                            <button opaque="NO" contentMode="scaleToFill" contentHorizontalAlignment="center" contentVerticalAlignment="center" buttonType="system" lineBreakMode="middleTruncation" translatesAutoresizingMaskIntoConstraints="NO" id="gEv-ut-GWb">
                                                                <rect key="frame" x="195.66666666666666" y="0.0" width="96.666666666666657" height="100"/>
                                                                <color key="backgroundColor" white="0.66666666669999997" alpha="1" colorSpace="custom" customColorSpace="genericGamma22GrayColorSpace"/>
                                                                <color key="tintColor" white="0.0" alpha="1" colorSpace="custom" customColorSpace="genericGamma22GrayColorSpace"/>
                                                                <state key="normal" title="Button"/>
                                                                <buttonConfiguration key="configuration" style="plain" title="6"/>
                                                            </button>
                                                            <button opaque="NO" contentMode="scaleToFill" contentHorizontalAlignment="center" contentVerticalAlignment="center" buttonType="system" lineBreakMode="middleTruncation" translatesAutoresizingMaskIntoConstraints="NO" id="RFR-vq-zkM">
                                                                <rect key="frame" x="293.33333333333331" y="0.0" width="96.666666666666686" height="100"/>
                                                                <color key="backgroundColor" systemColor="systemRedColor"/>
                                                                <color key="tintColor" white="0.0" alpha="1" colorSpace="custom" customColorSpace="genericGamma22GrayColorSpace"/>
                                                                <state key="normal" title="Button"/>
                                                                <buttonConfiguration key="configuration" style="plain" title="-"/>
                                                            </button>
                                                        </subviews>
                                                    </stackView>
                                                    <stackView opaque="NO" contentMode="scaleToFill" distribution="fillEqually" spacing="1" translatesAutoresizingMaskIntoConstraints="NO" id="iUe-rg-23O">
                                                        <rect key="frame" x="0.0" y="303.00000000000006" width="390" height="99.666666666666686"/>
                                                        <subviews>
                                                            <button opaque="NO" contentMode="scaleToFill" contentHorizontalAlignment="center" contentVerticalAlignment="center" buttonType="system" lineBreakMode="middleTruncation" translatesAutoresizingMaskIntoConstraints="NO" id="LLE-oo-UsK">
                                                                <rect key="frame" x="0.0" y="0.0" width="96.666666666666671" height="99.666666666666671"/>
                                                                <color key="backgroundColor" white="0.66666666669999997" alpha="1" colorSpace="custom" customColorSpace="genericGamma22GrayColorSpace"/>
                                                                <color key="tintColor" white="0.0" alpha="1" colorSpace="custom" customColorSpace="genericGamma22GrayColorSpace"/>
                                                                <state key="normal" title="Button"/>
                                                                <buttonConfiguration key="configuration" style="plain" title="1"/>
                                                            </button>
                                                            <button opaque="NO" contentMode="scaleToFill" contentHorizontalAlignment="center" contentVerticalAlignment="center" buttonType="system" lineBreakMode="middleTruncation" translatesAutoresizingMaskIntoConstraints="NO" id="Fzv-g6-U1d">
                                                                <rect key="frame" x="97.666666666666686" y="0.0" width="97" height="99.666666666666671"/>
                                                                <color key="backgroundColor" white="0.66666666669999997" alpha="1" colorSpace="custom" customColorSpace="genericGamma22GrayColorSpace"/>
                                                                <color key="tintColor" white="0.0" alpha="1" colorSpace="custom" customColorSpace="genericGamma22GrayColorSpace"/>
                                                                <state key="normal" title="Button"/>
                                                                <buttonConfiguration key="configuration" style="plain" title="2"/>
                                                            </button>
                                                            <button opaque="NO" contentMode="scaleToFill" contentHorizontalAlignment="center" contentVerticalAlignment="center" buttonType="system" lineBreakMode="middleTruncation" translatesAutoresizingMaskIntoConstraints="NO" id="MoK-yr-hbd">
                                                                <rect key="frame" x="195.66666666666666" y="0.0" width="96.666666666666657" height="99.666666666666671"/>
                                                                <color key="backgroundColor" white="0.66666666669999997" alpha="1" colorSpace="custom" customColorSpace="genericGamma22GrayColorSpace"/>
                                                                <color key="tintColor" white="0.0" alpha="1" colorSpace="custom" customColorSpace="genericGamma22GrayColorSpace"/>
                                                                <state key="normal" title="Button"/>
                                                                <buttonConfiguration key="configuration" style="plain" title="3"/>
                                                            </button>
                                                            <button opaque="NO" contentMode="scaleToFill" contentHorizontalAlignment="center" contentVerticalAlignment="center" buttonType="system" lineBreakMode="middleTruncation" translatesAutoresizingMaskIntoConstraints="NO" id="YB4-i9-pOc">
                                                                <rect key="frame" x="293.33333333333331" y="0.0" width="96.666666666666686" height="99.666666666666671"/>
                                                                <color key="backgroundColor" systemColor="systemRedColor"/>
                                                                <color key="tintColor" white="0.0" alpha="1" colorSpace="custom" customColorSpace="genericGamma22GrayColorSpace"/>
                                                                <state key="normal" title="Button"/>
                                                                <buttonConfiguration key="configuration" style="plain" title="x"/>
                                                            </button>
                                                        </subviews>
                                                    </stackView>
                                                    <stackView opaque="NO" contentMode="scaleToFill" distribution="fillProportionally" spacing="1" translatesAutoresizingMaskIntoConstraints="NO" id="odL-bH-eZK">
                                                        <rect key="frame" x="0.0" y="403.66666666666669" width="390" height="100"/>
                                                        <subviews>
                                                            <button opaque="NO" contentMode="scaleToFill" contentHorizontalAlignment="center" contentVerticalAlignment="center" buttonType="system" lineBreakMode="middleTruncation" translatesAutoresizingMaskIntoConstraints="NO" id="fIh-hd-WMp">
                                                                <rect key="frame" x="0.0" y="0.0" width="194.66666666666666" height="100"/>
                                                                <color key="backgroundColor" white="0.66666666669999997" alpha="1" colorSpace="custom" customColorSpace="genericGamma22GrayColorSpace"/>
                                                                <color key="tintColor" white="0.0" alpha="1" colorSpace="custom" customColorSpace="genericGamma22GrayColorSpace"/>
                                                                <state key="normal" title="Button"/>
                                                                <buttonConfiguration key="configuration" style="plain" title="0"/>
                                                            </button>
                                                            <button opaque="NO" contentMode="scaleToFill" contentHorizontalAlignment="center" contentVerticalAlignment="center" buttonType="system" lineBreakMode="middleTruncation" translatesAutoresizingMaskIntoConstraints="NO" id="P5B-bP-aO1">
                                                                <rect key="frame" x="195.66666666666666" y="0.0" width="96.666666666666657" height="100"/>
                                                                <color key="backgroundColor" white="0.66666666669999997" alpha="1" colorSpace="custom" customColorSpace="genericGamma22GrayColorSpace"/>
                                                                <color key="tintColor" white="0.0" alpha="1" colorSpace="custom" customColorSpace="genericGamma22GrayColorSpace"/>
                                                                <state key="normal" title="Button"/>
                                                                <buttonConfiguration key="configuration" style="plain" title="."/>
                                                            </button>
                                                            <button opaque="NO" contentMode="scaleToFill" contentHorizontalAlignment="center" contentVerticalAlignment="center" buttonType="system" lineBreakMode="middleTruncation" translatesAutoresizingMaskIntoConstraints="NO" id="xyM-D2-WJE">
                                                                <rect key="frame" x="293.33333333333331" y="0.0" width="96.666666666666686" height="100"/>
                                                                <color key="backgroundColor" systemColor="systemRedColor"/>
                                                                <color key="tintColor" white="0.0" alpha="1" colorSpace="custom" customColorSpace="genericGamma22GrayColorSpace"/>
                                                                <state key="normal" title="Button"/>
                                                                <buttonConfiguration key="configuration" style="plain" title="="/>
                                                            </button>
                                                        </subviews>
                                                    </stackView>
                                                </subviews>
                                                <constraints>
                                                    <constraint firstItem="xyM-D2-WJE" firstAttribute="width" secondItem="RFR-vq-zkM" secondAttribute="width" id="ToZ-6k-xPo"/>
                                                    <constraint firstItem="P5B-bP-aO1" firstAttribute="width" secondItem="gEv-ut-GWb" secondAttribute="width" id="xf3-Mq-JF0"/>
                                                </constraints>
                                            </stackView>
                                        </subviews>
                                        <color key="backgroundColor" systemColor="systemBackgroundColor"/>
                                        <constraints>
                                            <constraint firstItem="8Cj-OG-mJr" firstAttribute="leading" secondItem="rZx-gc-hHo" secondAttribute="leading" id="CmI-3C-nwF"/>
                                            <constraint firstItem="8Cj-OG-mJr" firstAttribute="top" secondItem="rZx-gc-hHo" secondAttribute="top" id="IWR-fI-WDq"/>
                                            <constraint firstAttribute="bottom" secondItem="8Cj-OG-mJr" secondAttribute="bottom" id="NEE-iW-4uu"/>
                                            <constraint firstAttribute="trailing" secondItem="8Cj-OG-mJr" secondAttribute="trailing" id="zAy-1M-Gdh"/>
                                        </constraints>
                                    </view>
                                </subviews>
                            </stackView>
                        </subviews>
                        <viewLayoutGuide key="safeArea" id="6Tk-OE-BBY"/>
                        <color key="backgroundColor" systemColor="systemBackgroundColor"/>
                        <constraints>
                            <constraint firstItem="6Tk-OE-BBY" firstAttribute="trailing" secondItem="Yk7-0c-9mU" secondAttribute="trailing" id="6jZ-uU-Yp2"/>
                            <constraint firstItem="6Tk-OE-BBY" firstAttribute="bottom" secondItem="Yk7-0c-9mU" secondAttribute="bottom" id="B2s-L1-h7n"/>
                            <constraint firstItem="rZx-gc-hHo" firstAttribute="height" secondItem="6Tk-OE-BBY" secondAttribute="height" multiplier="0.66" id="E1M-af-EnP"/>
                            <constraint firstItem="Yk7-0c-9mU" firstAttribute="top" secondItem="6Tk-OE-BBY" secondAttribute="top" id="XEU-wP-pXb"/>
                            <constraint firstItem="Yk7-0c-9mU" firstAttribute="leading" secondItem="6Tk-OE-BBY" secondAttribute="leading" id="jia-Fp-mbI"/>
                        </constraints>
                    </view>
                </viewController>
                <placeholder placeholderIdentifier="IBFirstResponder" id="dkx-z0-nzr" sceneMemberID="firstResponder"/>
            </objects>
            <point key="canvasLocation" x="43.076923076923073" y="-2.1327014218009479"/>
        </scene>
    </scenes>
    <resources>
        <systemColor name="systemBackgroundColor">
            <color white="1" alpha="1" colorSpace="custom" customColorSpace="genericGamma22GrayColorSpace"/>
        </systemColor>
        <systemColor name="systemRedColor">
            <color red="1" green="0.23137254901960785" blue="0.18823529411764706" alpha="1" colorSpace="custom" customColorSpace="sRGB"/>
        </systemColor>
    </resources>
</document>
