<?xml version="1.0" encoding="UTF-8"?>
<document type="com.apple.InterfaceBuilder3.CocoaTouch.Storyboard.XIB" version="3.0" toolsVersion="32700.99.1234" targetRuntime="iOS.CocoaTouch" propertyAccessControl="none" useAutolayout="YES" useTraitCollections="YES" useSafeAreas="YES" colorMatched="YES" initialViewController="ydo-SU-uyR">
    <device id="retina6_12" orientation="portrait" appearance="light"/>
    <dependencies>
        <plugIn identifier="com.apple.InterfaceBuilder.IBCocoaTouchPlugin" version="22684"/>
        <capability name="Safe area layout guides" minToolsVersion="9.0"/>
        <capability name="System colors in document resources" minToolsVersion="11.0"/>
        <capability name="documents saved in the Xcode 8 format" minToolsVersion="8.0"/>
    </dependencies>
    <scenes>
        <!--Red-->
        <scene sceneID="tne-QT-ifu">
            <objects>
                <viewController id="BYZ-38-t0r" customClass="ViewController" customModule="traffic" customModuleProvider="target" sceneMemberID="viewController">
                    <view key="view" contentMode="scaleToFill" id="8bC-Xf-vdC">
                        <rect key="frame" x="0.0" y="0.0" width="393" height="852"/>
                        <autoresizingMask key="autoresizingMask" widthSizable="YES" heightSizable="YES"/>
                        <subviews>
                            <button opaque="NO" contentMode="scaleToFill" contentHorizontalAlignment="center" contentVerticalAlignment="center" buttonType="system" lineBreakMode="middleTruncation" translatesAutoresizingMaskIntoConstraints="NO" id="jqx-rA-jbX">
                                <rect key="frame" x="159" y="408.66666666666669" width="75" height="35"/>
                                <state key="normal" title="Button"/>
                                <buttonConfiguration key="configuration" style="plain" title="Button"/>
                                <connections>
                                    <segue destination="7dv-Gb-Mas" kind="show" id="0l8-6d-7O4"/>
                                </connections>
                            </button>
                            <textField opaque="NO" contentMode="scaleToFill" horizontalHuggingPriority="248" fixedFrame="YES" contentHorizontalAlignment="left" contentVerticalAlignment="center" borderStyle="roundedRect" textAlignment="natural" minimumFontSize="17" translatesAutoresizingMaskIntoConstraints="NO" id="29u-XI-6dP">
                                <rect key="frame" x="90" y="345" width="216" height="34"/>
                                <autoresizingMask key="autoresizingMask" flexibleMaxX="YES" flexibleMaxY="YES"/>
                                <fontDescription key="fontDescription" type="system" pointSize="14"/>
                                <textInputTraits key="textInputTraits"/>
                            </textField>
                        </subviews>
                        <viewLayoutGuide key="safeArea" id="6Tk-OE-BBY"/>
                        <color key="backgroundColor" systemColor="systemRedColor"/>
                        <constraints>
                            <constraint firstItem="jqx-rA-jbX" firstAttribute="centerY" secondItem="8bC-Xf-vdC" secondAttribute="centerY" id="DuO-wH-pq0"/>
                            <constraint firstItem="jqx-rA-jbX" firstAttribute="centerX" secondItem="8bC-Xf-vdC" secondAttribute="centerX" id="m0E-nT-8xg"/>
                        </constraints>
                    </view>
                    <navigationItem key="navigationItem" title="Red" largeTitleDisplayMode="always" id="Amk-0z-JVT"/>
                    <connections>
                        <outlet property="textField" destination="29u-XI-6dP" id="zqA-Pb-5Uf"/>
                    </connections>
                </viewController>
                <placeholder placeholderIdentifier="IBFirstResponder" id="dkx-z0-nzr" sceneMemberID="firstResponder"/>
            </objects>
            <point key="canvasLocation" x="1066.4122137404579" y="3.5211267605633805"/>
        </scene>
        <!--Yellow-->
        <scene sceneID="E45-cz-YSp">
            <objects>
                <viewController id="7dv-Gb-Mas" sceneMemberID="viewController">
                    <view key="view" contentMode="scaleToFill" id="74I-kA-QMc">
                        <rect key="frame" x="0.0" y="0.0" width="393" height="852"/>
                        <autoresizingMask key="autoresizingMask" widthSizable="YES" heightSizable="YES"/>
                        <subviews>
                            <button opaque="NO" contentMode="scaleToFill" contentHorizontalAlignment="center" contentVerticalAlignment="center" buttonType="system" lineBreakMode="middleTruncation" translatesAutoresizingMaskIntoConstraints="NO" id="5HO-fA-8IF">
                                <rect key="frame" x="159" y="408.66666666666669" width="75" height="35"/>
                                <state key="normal" title="Button"/>
                                <buttonConfiguration key="configuration" style="plain" title="Button"/>
                                <connections>
                                    <segue destination="crc-VM-G5K" kind="show" id="7oJ-YN-2z1"/>
                                </connections>
                            </button>
                        </subviews>
                        <viewLayoutGuide key="safeArea" id="bnF-Oi-0IY"/>
                        <color key="backgroundColor" systemColor="systemYellowColor"/>
                        <constraints>
                            <constraint firstItem="5HO-fA-8IF" firstAttribute="centerY" secondItem="74I-kA-QMc" secondAttribute="centerY" id="yoN-WM-DB0"/>
                            <constraint firstItem="5HO-fA-8IF" firstAttribute="centerX" secondItem="74I-kA-QMc" secondAttribute="centerX" id="yzQ-7q-Zsi"/>
                        </constraints>
                    </view>
                    <navigationItem key="navigationItem" title="Yellow" largeTitleDisplayMode="never" id="s7J-98-5zU"/>
                </viewController>
                <placeholder placeholderIdentifier="IBFirstResponder" id="LWW-Qx-U5S" userLabel="First Responder" customClass="UIResponder" sceneMemberID="firstResponder"/>
            </objects>
            <point key="canvasLocation" x="1826.7175572519084" y="3.5211267605633805"/>
        </scene>
        <!--green-->
        <scene sceneID="nJU-2v-5Mo">
            <objects>
                <viewController id="crc-VM-G5K" sceneMemberID="viewController">
                    <view key="view" contentMode="scaleToFill" id="ww6-gj-9ed">
                        <rect key="frame" x="0.0" y="0.0" width="393" height="852"/>
                        <autoresizingMask key="autoresizingMask" widthSizable="YES" heightSizable="YES"/>
                        <subviews>
                            <button opaque="NO" contentMode="scaleToFill" contentHorizontalAlignment="center" contentVerticalAlignment="center" buttonType="system" lineBreakMode="middleTruncation" translatesAutoresizingMaskIntoConstraints="NO" id="H9m-V3-LoI">
                                <rect key="frame" x="165.66666666666666" y="408.66666666666669" width="62" height="35"/>
                                <state key="normal" title="Button"/>
                                <buttonConfiguration key="configuration" style="plain" title="Back"/>
                                <connections>
                                    <segue destination="Ri3-H4-Z8a" kind="unwind" unwindAction="unwindToRedWithUnwindSegue:" id="Eia-e0-FVF"/>
                                </connections>
                            </button>
                        </subviews>
                        <viewLayoutGuide key="safeArea" id="cuo-u0-LDJ"/>
                        <color key="backgroundColor" systemColor="systemGreenColor"/>
                        <constraints>
                            <constraint firstItem="H9m-V3-LoI" firstAttribute="centerY" secondItem="ww6-gj-9ed" secondAttribute="centerY" id="Tue-Ci-w6e"/>
                            <constraint firstItem="H9m-V3-LoI" firstAttribute="centerX" secondItem="ww6-gj-9ed" secondAttribute="centerX" id="tJ4-yT-BJ4"/>
                        </constraints>
                    </view>
                    <navigationItem key="navigationItem" title="green" id="ilJ-bc-mL7">
                        <barButtonItem key="rightBarButtonItem" systemItem="done" id="83I-nG-ibC">
                            <connections>
                                <segue destination="Ri3-H4-Z8a" kind="unwind" unwindAction="unwindToRedWithUnwindSegue:" id="yVs-BX-LJl"/>
                            </connections>
                        </barButtonItem>
                    </navigationItem>
                </viewController>
                <placeholder placeholderIdentifier="IBFirstResponder" id="fT9-fu-NPP" userLabel="First Responder" customClass="UIResponder" sceneMemberID="firstResponder"/>
                <exit id="Ri3-H4-Z8a" userLabel="Exit" sceneMemberID="exit"/>
            </objects>
            <point key="canvasLocation" x="2576.3358778625952" y="3.5211267605633805"/>
        </scene>
        <!--Navigation Controller-->
        <scene sceneID="aET-ff-GDW">
            <objects>
                <navigationController automaticallyAdjustsScrollViewInsets="NO" id="ydo-SU-uyR" sceneMemberID="viewController">
                    <toolbarItems/>
                    <navigationBar key="navigationBar" contentMode="scaleToFill" largeTitles="YES" id="HG6-k0-5BF">
                        <rect key="frame" x="0.0" y="59" width="393" height="96"/>
                        <autoresizingMask key="autoresizingMask"/>
                    </navigationBar>
                    <nil name="viewControllers"/>
                    <connections>
                        <segue destination="BYZ-38-t0r" kind="relationship" relationship="rootViewController" id="BOV-Gg-CkM"/>
                    </connections>
                </navigationController>
                <placeholder placeholderIdentifier="IBFirstResponder" id="aUB-4p-hKl" userLabel="First Responder" customClass="UIResponder" sceneMemberID="firstResponder"/>
            </objects>
            <point key="canvasLocation" x="139.69465648854961" y="3.5211267605633805"/>
        </scene>
    </scenes>
    <resources>
        <systemColor name="systemGreenColor">
            <color red="0.20392156862745098" green="0.7803921568627451" blue="0.34901960784313724" alpha="1" colorSpace="custom" customColorSpace="sRGB"/>
        </systemColor>
        <systemColor name="systemRedColor">
            <color red="1" green="0.23137254901960785" blue="0.18823529411764706" alpha="1" colorSpace="custom" customColorSpace="sRGB"/>
        </systemColor>
        <systemColor name="systemYellowColor">
            <color red="1" green="0.80000000000000004" blue="0.0" alpha="1" colorSpace="custom" customColorSpace="sRGB"/>
        </systemColor>
    </resources>
</document>
