<?xml version="1.0" encoding="UTF-8"?>
<document type="com.apple.InterfaceBuilder3.CocoaTouch.Storyboard.XIB" version="3.0" toolsVersion="32700.99.1234" targetRuntime="iOS.CocoaTouch" propertyAccessControl="none" useAutolayout="YES" useTraitCollections="YES" useSafeAreas="YES" colorMatched="YES" initialViewController="GTG-Ty-mrG">
    <device id="retina6_12" orientation="portrait" appearance="light"/>
    <dependencies>
        <plugIn identifier="com.apple.InterfaceBuilder.IBCocoaTouchPlugin" version="22684"/>
        <capability name="Safe area layout guides" minToolsVersion="9.0"/>
        <capability name="System colors in document resources" minToolsVersion="11.0"/>
        <capability name="documents saved in the Xcode 8 format" minToolsVersion="8.0"/>
    </dependencies>
    <scenes>
        <!--View Controller-->
        <scene sceneID="tne-QT-ifu">
            <objects>
                <viewController id="BYZ-38-t0r" customClass="ViewController" customModule="LabLogin" customModuleProvider="target" sceneMemberID="viewController">
                    <view key="view" contentMode="scaleToFill" id="8bC-Xf-vdC">
                        <rect key="frame" x="0.0" y="0.0" width="393" height="852"/>
                        <autoresizingMask key="autoresizingMask" widthSizable="YES" heightSizable="YES"/>
                        <subviews>
                            <textField opaque="NO" contentMode="scaleToFill" horizontalHuggingPriority="248" fixedFrame="YES" contentHorizontalAlignment="left" contentVerticalAlignment="center" borderStyle="roundedRect" placeholder="Username" textAlignment="natural" minimumFontSize="17" translatesAutoresizingMaskIntoConstraints="NO" id="CAQ-Bf-JPM">
                                <rect key="frame" x="53" y="308" width="286" height="34"/>
                                <autoresizingMask key="autoresizingMask" flexibleMaxX="YES" flexibleMaxY="YES"/>
                                <fontDescription key="fontDescription" type="system" pointSize="14"/>
                                <textInputTraits key="textInputTraits"/>
                            </textField>
                            <textField opaque="NO" contentMode="scaleToFill" horizontalHuggingPriority="248" fixedFrame="YES" contentHorizontalAlignment="left" contentVerticalAlignment="center" borderStyle="roundedRect" placeholder="Password" textAlignment="natural" minimumFontSize="17" translatesAutoresizingMaskIntoConstraints="NO" id="9ge-Rq-fbh">
                                <rect key="frame" x="53" y="374" width="286" height="34"/>
                                <autoresizingMask key="autoresizingMask" flexibleMaxX="YES" flexibleMaxY="YES"/>
                                <fontDescription key="fontDescription" type="system" pointSize="14"/>
                                <textInputTraits key="textInputTraits" secureTextEntry="YES"/>
                            </textField>
                            <button opaque="NO" contentMode="scaleToFill" fixedFrame="YES" contentHorizontalAlignment="center" contentVerticalAlignment="center" buttonType="system" lineBreakMode="middleTruncation" translatesAutoresizingMaskIntoConstraints="NO" id="ebD-Oc-4uB">
                                <rect key="frame" x="16" y="491" width="165" height="35"/>
                                <autoresizingMask key="autoresizingMask" flexibleMaxX="YES" flexibleMaxY="YES"/>
                                <state key="normal" title="Button"/>
                                <buttonConfiguration key="configuration" style="plain" title="Forgot Username?"/>
                                <connections>
                                    <action selector="forgotUserNameButtonClicked:" destination="BYZ-38-t0r" eventType="touchUpInside" id="Uf7-Sf-xuK"/>
                                </connections>
                            </button>
                            <button opaque="NO" contentMode="scaleToFill" fixedFrame="YES" contentHorizontalAlignment="center" contentVerticalAlignment="center" buttonType="system" lineBreakMode="middleTruncation" translatesAutoresizingMaskIntoConstraints="NO" id="2hS-et-ieN">
                                <rect key="frame" x="217" y="491" width="160" height="35"/>
                                <autoresizingMask key="autoresizingMask" flexibleMaxX="YES" flexibleMaxY="YES"/>
                                <state key="normal" title="Button"/>
                                <buttonConfiguration key="configuration" style="plain" title="Forgot Password?"/>
                                <connections>
                                    <action selector="forgotPasswordButtonClicked:" destination="BYZ-38-t0r" eventType="touchUpInside" id="fn8-0o-4sx"/>
                                </connections>
                            </button>
                            <button opaque="NO" contentMode="scaleToFill" fixedFrame="YES" contentHorizontalAlignment="center" contentVerticalAlignment="center" buttonType="system" lineBreakMode="middleTruncation" translatesAutoresizingMaskIntoConstraints="NO" id="t91-6Z-yXQ">
                                <rect key="frame" x="162" y="440" width="70" height="35"/>
                                <autoresizingMask key="autoresizingMask" flexibleMaxX="YES" flexibleMaxY="YES"/>
                                <state key="normal" title="Button"/>
                                <buttonConfiguration key="configuration" style="plain" title="Log in"/>
                                <connections>
                                    <segue destination="1Sq-2P-2XO" kind="show" id="44Z-4W-UFP"/>
                                </connections>
                            </button>
                        </subviews>
                        <viewLayoutGuide key="safeArea" id="6Tk-OE-BBY"/>
                        <color key="backgroundColor" systemColor="systemBackgroundColor"/>
                    </view>
                    <navigationItem key="navigationItem" largeTitleDisplayMode="always" id="DDe-au-GGJ"/>
                    <connections>
                        <outlet property="forgotPasswordButton" destination="2hS-et-ieN" id="Fao-6Q-Zmr"/>
                        <outlet property="forgotUserNameButton" destination="ebD-Oc-4uB" id="8zK-Vo-7z5"/>
                        <outlet property="username" destination="CAQ-Bf-JPM" id="tjN-lG-ger"/>
                        <segue destination="1Sq-2P-2XO" kind="show" identifier="descriptive" id="Xa2-3y-fhV"/>
                    </connections>
                </viewController>
                <placeholder placeholderIdentifier="IBFirstResponder" id="dkx-z0-nzr" sceneMemberID="firstResponder"/>
            </objects>
            <point key="canvasLocation" x="869.46564885496184" y="3.5211267605633805"/>
        </scene>
        <!--View Controller-->
        <scene sceneID="Jt8-xR-sHq">
            <objects>
                <viewController id="1Sq-2P-2XO" sceneMemberID="viewController">
                    <view key="view" contentMode="scaleToFill" id="oCa-Gg-9uc">
                        <rect key="frame" x="0.0" y="0.0" width="393" height="852"/>
                        <autoresizingMask key="autoresizingMask" widthSizable="YES" heightSizable="YES"/>
                        <viewLayoutGuide key="safeArea" id="MRm-1N-Ql5"/>
                        <color key="backgroundColor" systemColor="systemRedColor"/>
                    </view>
                    <navigationItem key="navigationItem" largeTitleDisplayMode="always" id="6fg-kO-y7g"/>
                </viewController>
                <placeholder placeholderIdentifier="IBFirstResponder" id="rNl-tW-Qrg" userLabel="First Responder" customClass="UIResponder" sceneMemberID="firstResponder"/>
            </objects>
            <point key="canvasLocation" x="1594.6564885496182" y="3.5211267605633805"/>
        </scene>
        <!--Navigation Controller-->
        <scene sceneID="Wx3-pf-sY7">
            <objects>
                <navigationController automaticallyAdjustsScrollViewInsets="NO" id="GTG-Ty-mrG" sceneMemberID="viewController">
                    <toolbarItems/>
                    <navigationBar key="navigationBar" contentMode="scaleToFill" largeTitles="YES" id="QZK-hm-42b">
                        <rect key="frame" x="0.0" y="59" width="393" height="96"/>
                        <autoresizingMask key="autoresizingMask"/>
                    </navigationBar>
                    <nil name="viewControllers"/>
                    <connections>
                        <segue destination="BYZ-38-t0r" kind="relationship" relationship="rootViewController" id="co3-y5-rrO"/>
                    </connections>
                </navigationController>
                <placeholder placeholderIdentifier="IBFirstResponder" id="UaS-x6-UN2" userLabel="First Responder" customClass="UIResponder" sceneMemberID="firstResponder"/>
            </objects>
            <point key="canvasLocation" x="-57.251908396946561" y="3.5211267605633805"/>
        </scene>
    </scenes>
    <inferredMetricsTieBreakers>
        <segue reference="Xa2-3y-fhV"/>
    </inferredMetricsTieBreakers>
    <resources>
        <systemColor name="systemBackgroundColor">
            <color white="1" alpha="1" colorSpace="custom" customColorSpace="genericGamma22GrayColorSpace"/>
        </systemColor>
        <systemColor name="systemRedColor">
            <color red="1" green="0.23137254901960785" blue="0.18823529411764706" alpha="1" colorSpace="custom" customColorSpace="sRGB"/>
        </systemColor>
    </resources>
</document>
