<?xml version="1.0" encoding="UTF-8"?>
<document type="com.apple.InterfaceBuilder3.CocoaTouch.Storyboard.XIB" version="3.0" toolsVersion="21507" targetRuntime="iOS.CocoaTouch" propertyAccessControl="none" useAutolayout="YES" useTraitCollections="YES" useSafeAreas="YES" colorMatched="YES" initialViewController="BYZ-38-t0r">
    <device id="retina6_12" orientation="portrait" appearance="light"/>
    <dependencies>
        <plugIn identifier="com.apple.InterfaceBuilder.IBCocoaTouchPlugin" version="21505"/>
        <capability name="Safe area layout guides" minToolsVersion="9.0"/>
        <capability name="System colors in document resources" minToolsVersion="11.0"/>
        <capability name="documents saved in the Xcode 8 format" minToolsVersion="8.0"/>
    </dependencies>
    <scenes>
        <!--View Controller-->
        <scene sceneID="tne-QT-ifu">
            <objects>
                <viewController id="BYZ-38-t0r" customClass="ViewController" customModule="CommonInputControls" customModuleProvider="target" sceneMemberID="viewController">
                    <view key="view" contentMode="scaleToFill" id="8bC-Xf-vdC">
                        <rect key="frame" x="0.0" y="0.0" width="393" height="852"/>
                        <autoresizingMask key="autoresizingMask" widthSizable="YES" heightSizable="YES"/>
                        <subviews>
                            <button opaque="NO" contentMode="scaleToFill" fixedFrame="YES" contentHorizontalAlignment="center" contentVerticalAlignment="center" buttonType="system" lineBreakMode="middleTruncation" translatesAutoresizingMaskIntoConstraints="NO" id="Jeb-oD-PIo">
                                <rect key="frame" x="159" y="286" width="75" height="35"/>
                                <autoresizingMask key="autoresizingMask" flexibleMaxX="YES" flexibleMaxY="YES"/>
                                <state key="normal" title="Button"/>
                                <buttonConfiguration key="configuration" style="plain" title="Button"/>
                                <connections>
                                    <action selector="simpleBtn:" destination="BYZ-38-t0r" eventType="touchUpInside" id="KAd-62-AjC"/>
                                </connections>
                            </button>
                            <switch opaque="NO" contentMode="scaleToFill" horizontalHuggingPriority="750" verticalHuggingPriority="750" fixedFrame="YES" contentHorizontalAlignment="center" contentVerticalAlignment="center" on="YES" translatesAutoresizingMaskIntoConstraints="NO" id="pQI-5w-D0M">
                                <rect key="frame" x="172" y="348" width="49" height="31"/>
                                <autoresizingMask key="autoresizingMask" flexibleMaxX="YES" flexibleMaxY="YES"/>
                                <connections>
                                    <action selector="switchToggle:" destination="BYZ-38-t0r" eventType="valueChanged" id="ncq-6B-Hoi"/>
                                </connections>
                            </switch>
                            <slider opaque="NO" contentMode="scaleToFill" fixedFrame="YES" contentHorizontalAlignment="center" contentVerticalAlignment="center" value="0.5" minValue="0.0" maxValue="1" translatesAutoresizingMaskIntoConstraints="NO" id="pGY-ob-mGh">
                                <rect key="frame" x="137" y="410" width="118" height="30"/>
                                <autoresizingMask key="autoresizingMask" flexibleMaxX="YES" flexibleMaxY="YES"/>
                                <connections>
                                    <action selector="sliderValueChanged:" destination="BYZ-38-t0r" eventType="valueChanged" id="FHE-Gl-wUQ"/>
                                </connections>
                            </slider>
                            <textField opaque="NO" contentMode="scaleToFill" horizontalHuggingPriority="248" fixedFrame="YES" contentHorizontalAlignment="left" contentVerticalAlignment="center" borderStyle="roundedRect" textAlignment="natural" minimumFontSize="17" translatesAutoresizingMaskIntoConstraints="NO" id="U70-X8-k85">
                                <rect key="frame" x="31" y="484" width="331" height="34"/>
                                <autoresizingMask key="autoresizingMask" flexibleMaxX="YES" flexibleMaxY="YES"/>
                                <color key="backgroundColor" white="0.0" alpha="1" colorSpace="custom" customColorSpace="genericGamma22GrayColorSpace"/>
                                <color key="textColor" white="1" alpha="1" colorSpace="custom" customColorSpace="genericGamma22GrayColorSpace"/>
                                <fontDescription key="fontDescription" type="system" pointSize="14"/>
                                <textInputTraits key="textInputTraits"/>
                                <connections>
                                    <action selector="textFieldValueChanged:" destination="BYZ-38-t0r" eventType="primaryActionTriggered" id="Kfp-rP-0vT"/>
                                </connections>
                            </textField>
                        </subviews>
                        <viewLayoutGuide key="safeArea" id="6Tk-OE-BBY"/>
                        <color key="backgroundColor" systemColor="systemBackgroundColor"/>
                        <gestureRecognizers/>
                        <connections>
                            <outletCollection property="gestureRecognizers" destination="3Bt-s7-z5f" appends="YES" id="38X-Tr-Nmn"/>
                        </connections>
                    </view>
                    <connections>
                        <outlet property="slider" destination="pGY-ob-mGh" id="Gou-PC-Con"/>
                        <outlet property="toggle" destination="pQI-5w-D0M" id="raB-9X-YV3"/>
                    </connections>
                </viewController>
                <placeholder placeholderIdentifier="IBFirstResponder" id="dkx-z0-nzr" sceneMemberID="firstResponder"/>
                <tapGestureRecognizer id="3Bt-s7-z5f">
                    <connections>
                        <action selector="respondToTapGesture:" destination="BYZ-38-t0r" id="0HG-Za-jca"/>
                    </connections>
                </tapGestureRecognizer>
            </objects>
            <point key="canvasLocation" x="101.5267175572519" y="3.5211267605633805"/>
        </scene>
    </scenes>
    <resources>
        <systemColor name="systemBackgroundColor">
            <color white="1" alpha="1" colorSpace="custom" customColorSpace="genericGamma22GrayColorSpace"/>
        </systemColor>
    </resources>
</document>
