<?xml version="1.0" encoding="UTF-8"?>
<document type="com.apple.InterfaceBuilder3.CocoaTouch.Storyboard.XIB" version="3.0" toolsVersion="32700.99.1234" targetRuntime="iOS.CocoaTouch" propertyAccessControl="none" useAutolayout="YES" useTraitCollections="YES" useSafeAreas="YES" colorMatched="YES" initialViewController="G5g-8N-FWl">
    <device id="retina6_12" orientation="portrait" appearance="light"/>
    <dependencies>
        <plugIn identifier="com.apple.InterfaceBuilder.IBCocoaTouchPlugin" version="22684"/>
        <capability name="Safe area layout guides" minToolsVersion="9.0"/>
        <capability name="System colors in document resources" minToolsVersion="11.0"/>
        <capability name="documents saved in the Xcode 8 format" minToolsVersion="8.0"/>
    </dependencies>
    <scenes>
        <!--Red-->
        <scene sceneID="tne-QT-ifu">
            <objects>
                <viewController id="BYZ-38-t0r" customClass="ViewController" customModule="Rainbow" customModuleProvider="target" sceneMemberID="viewController">
                    <view key="view" contentMode="scaleToFill" id="8bC-Xf-vdC">
                        <rect key="frame" x="0.0" y="0.0" width="393" height="852"/>
                        <autoresizingMask key="autoresizingMask" widthSizable="YES" heightSizable="YES"/>
                        <viewLayoutGuide key="safeArea" id="6Tk-OE-BBY"/>
                        <color key="backgroundColor" systemColor="systemRedColor"/>
                    </view>
                    <tabBarItem key="tabBarItem" title="Red" image="r.square" catalog="system" id="2dT-Ze-YK1"/>
                </viewController>
                <placeholder placeholderIdentifier="IBFirstResponder" id="dkx-z0-nzr" sceneMemberID="firstResponder"/>
            </objects>
            <point key="canvasLocation" x="-1108" y="850"/>
        </scene>
        <!--Yellow-->
        <scene sceneID="9v6-Db-75J">
            <objects>
                <viewController id="YdN-FX-eHb" sceneMemberID="viewController">
                    <view key="view" contentMode="scaleToFill" id="5YH-A5-Pbg">
                        <rect key="frame" x="0.0" y="0.0" width="393" height="852"/>
                        <autoresizingMask key="autoresizingMask" widthSizable="YES" heightSizable="YES"/>
                        <viewLayoutGuide key="safeArea" id="NlK-3S-lyD"/>
                        <color key="backgroundColor" systemColor="systemYellowColor"/>
                    </view>
                    <tabBarItem key="tabBarItem" title="Yellow" image="y.square" catalog="system" id="cOa-OV-9sJ"/>
                </viewController>
                <placeholder placeholderIdentifier="IBFirstResponder" id="FJd-jH-69b" userLabel="First Responder" customClass="UIResponder" sceneMemberID="firstResponder"/>
            </objects>
            <point key="canvasLocation" x="1503" y="850"/>
        </scene>
        <!--Pink-->
        <scene sceneID="F2h-PQ-3Ns">
            <objects>
                <viewController id="Upg-3q-QzQ" sceneMemberID="viewController">
                    <view key="view" contentMode="scaleToFill" id="ZRD-Gc-JSc">
                        <rect key="frame" x="0.0" y="0.0" width="393" height="852"/>
                        <autoresizingMask key="autoresizingMask" widthSizable="YES" heightSizable="YES"/>
                        <viewLayoutGuide key="safeArea" id="qIs-8X-bv0"/>
                        <color key="backgroundColor" systemColor="systemPinkColor"/>
                    </view>
                    <tabBarItem key="tabBarItem" title="Pink" image="p.square" catalog="system" id="RlV-fl-SUW"/>
                </viewController>
                <placeholder placeholderIdentifier="IBFirstResponder" id="CCP-a2-mbe" userLabel="First Responder" customClass="UIResponder" sceneMemberID="firstResponder"/>
            </objects>
            <point key="canvasLocation" x="2332" y="850"/>
        </scene>
        <!--Blue-->
        <scene sceneID="5PH-5h-tbt">
            <objects>
                <viewController id="cc2-QX-Khq" sceneMemberID="viewController">
                    <view key="view" contentMode="scaleToFill" id="vfP-vh-NLj">
                        <rect key="frame" x="0.0" y="0.0" width="393" height="852"/>
                        <autoresizingMask key="autoresizingMask" widthSizable="YES" heightSizable="YES"/>
                        <viewLayoutGuide key="safeArea" id="GoM-jL-DrB"/>
                        <color key="backgroundColor" systemColor="systemBlueColor"/>
                    </view>
                    <tabBarItem key="tabBarItem" title="Blue" image="b.square" catalog="system" id="9RJ-0r-bfT"/>
                </viewController>
                <placeholder placeholderIdentifier="IBFirstResponder" id="IXe-mG-Dm6" userLabel="First Responder" customClass="UIResponder" sceneMemberID="firstResponder"/>
            </objects>
            <point key="canvasLocation" x="3117" y="850"/>
        </scene>
        <!--Violet-->
        <scene sceneID="1L1-7h-uYd">
            <objects>
                <viewController id="zXl-wH-gBI" sceneMemberID="viewController">
                    <view key="view" contentMode="scaleToFill" id="Qzn-mF-3RY">
                        <rect key="frame" x="0.0" y="0.0" width="393" height="852"/>
                        <autoresizingMask key="autoresizingMask" widthSizable="YES" heightSizable="YES"/>
                        <viewLayoutGuide key="safeArea" id="xOJ-Pq-yMP"/>
                        <color key="backgroundColor" red="0.40000000000000002" green="0.20000000000000001" blue="0.80000000000000004" alpha="1" colorSpace="calibratedRGB"/>
                    </view>
                    <tabBarItem key="tabBarItem" title="Violet" image="v.square" catalog="system" id="KvC-G6-oEy"/>
                </viewController>
                <placeholder placeholderIdentifier="IBFirstResponder" id="pNi-lT-vZY" userLabel="First Responder" customClass="UIResponder" sceneMemberID="firstResponder"/>
            </objects>
            <point key="canvasLocation" x="3898" y="850"/>
        </scene>
        <!--Green-->
        <scene sceneID="SUf-iB-ta5">
            <objects>
                <viewController id="Y6K-Sc-lC0" sceneMemberID="viewController">
                    <view key="view" contentMode="scaleToFill" id="f08-an-GLi">
                        <rect key="frame" x="0.0" y="0.0" width="393" height="852"/>
                        <autoresizingMask key="autoresizingMask" widthSizable="YES" heightSizable="YES"/>
                        <viewLayoutGuide key="safeArea" id="T2f-Lx-fB0"/>
                        <color key="backgroundColor" systemColor="systemGreenColor"/>
                    </view>
                    <tabBarItem key="tabBarItem" title="Green" image="g.square" catalog="system" id="FLp-NI-sjV"/>
                </viewController>
                <placeholder placeholderIdentifier="IBFirstResponder" id="zmK-VY-b0I" userLabel="First Responder" customClass="UIResponder" sceneMemberID="firstResponder"/>
            </objects>
            <point key="canvasLocation" x="-236" y="850"/>
        </scene>
        <!--Orange-->
        <scene sceneID="CDY-x1-TP3">
            <objects>
                <viewController id="vBv-ll-wuh" customClass="OrangeViewController" customModule="Rainbow" customModuleProvider="target" sceneMemberID="viewController">
                    <view key="view" contentMode="scaleToFill" id="Vbq-8j-xiE">
                        <rect key="frame" x="0.0" y="0.0" width="393" height="852"/>
                        <autoresizingMask key="autoresizingMask" widthSizable="YES" heightSizable="YES"/>
                        <subviews>
                            <label opaque="NO" userInteractionEnabled="NO" contentMode="left" horizontalHuggingPriority="251" verticalHuggingPriority="251" fixedFrame="YES" text="Suraj Upadhye" textAlignment="natural" lineBreakMode="tailTruncation" baselineAdjustment="alignBaselines" adjustsFontSizeToFit="NO" translatesAutoresizingMaskIntoConstraints="NO" id="pGi-vR-XRu">
                                <rect key="frame" x="105.33333333333333" y="114" width="183.33333333333337" height="34.666666666666686"/>
                                <autoresizingMask key="autoresizingMask" flexibleMaxX="YES" flexibleMaxY="YES"/>
                                <fontDescription key="fontDescription" type="system" pointSize="29"/>
                                <nil key="textColor"/>
                                <nil key="highlightedColor"/>
                            </label>
                            <imageView clipsSubviews="YES" userInteractionEnabled="NO" contentMode="scaleAspectFit" horizontalHuggingPriority="251" verticalHuggingPriority="251" fixedFrame="YES" image="profilephoto" translatesAutoresizingMaskIntoConstraints="NO" id="nVU-OZ-qck">
                                <rect key="frame" x="76" y="199" width="240" height="224"/>
                                <autoresizingMask key="autoresizingMask" flexibleMaxX="YES" flexibleMaxY="YES"/>
                            </imageView>
                            <button opaque="NO" contentMode="scaleToFill" fixedFrame="YES" contentHorizontalAlignment="center" contentVerticalAlignment="center" buttonType="system" lineBreakMode="middleTruncation" translatesAutoresizingMaskIntoConstraints="NO" id="Tz7-Ux-Ugk">
                                <rect key="frame" x="158" y="463" width="78" height="35"/>
                                <autoresizingMask key="autoresizingMask" flexibleMaxX="YES" flexibleMaxY="YES"/>
                                <state key="normal" title="Button"/>
                                <buttonConfiguration key="configuration" style="plain" title="Submit"/>
                                <connections>
                                    <action selector="SubmitButtonClick:" destination="vBv-ll-wuh" eventType="touchUpInside" id="CD9-Hb-KHz"/>
                                </connections>
                            </button>
                            <textView clipsSubviews="YES" multipleTouchEnabled="YES" contentMode="scaleToFill" fixedFrame="YES" minimumZoomScale="0.0" text="Click on Submit button to see My information" textAlignment="natural" translatesAutoresizingMaskIntoConstraints="NO" id="6MJ-lz-BRF">
                                <rect key="frame" x="77" y="515" width="240" height="128"/>
                                <autoresizingMask key="autoresizingMask" flexibleMaxX="YES" flexibleMaxY="YES"/>
                                <color key="backgroundColor" systemColor="systemBackgroundColor"/>
                                <color key="textColor" systemColor="labelColor"/>
                                <fontDescription key="fontDescription" type="system" pointSize="17"/>
                                <textInputTraits key="textInputTraits" autocapitalizationType="sentences"/>
                            </textView>
                        </subviews>
                        <viewLayoutGuide key="safeArea" id="PDU-pe-n0l"/>
                        <color key="backgroundColor" systemColor="systemOrangeColor"/>
                    </view>
                    <tabBarItem key="tabBarItem" title="Orange" image="o.square" catalog="system" badgeValue="!" id="Qpo-a2-cPQ"/>
                    <connections>
                        <outlet property="TextView" destination="6MJ-lz-BRF" id="vQ4-dP-6Sf"/>
                    </connections>
                </viewController>
                <placeholder placeholderIdentifier="IBFirstResponder" id="ZxQ-hy-rPP" userLabel="First Responder" customClass="UIResponder" sceneMemberID="firstResponder"/>
            </objects>
            <point key="canvasLocation" x="667.93893129770993" y="850"/>
        </scene>
        <!--Tab Bar Controller-->
        <scene sceneID="O1G-EQ-mHi">
            <objects>
                <tabBarController automaticallyAdjustsScrollViewInsets="NO" id="G5g-8N-FWl" sceneMemberID="viewController">
                    <toolbarItems/>
                    <tabBar key="tabBar" contentMode="scaleToFill" insetsLayoutMarginsFromSafeArea="NO" id="JcP-vY-R2s">
                        <rect key="frame" x="0.0" y="0.0" width="1000" height="1000"/>
                        <autoresizingMask key="autoresizingMask"/>
                        <color key="backgroundColor" white="0.0" alpha="0.0" colorSpace="custom" customColorSpace="genericGamma22GrayColorSpace"/>
                    </tabBar>
                    <connections>
                        <segue destination="BYZ-38-t0r" kind="relationship" relationship="viewControllers" id="BIR-d1-5KJ"/>
                        <segue destination="Y6K-Sc-lC0" kind="relationship" relationship="viewControllers" id="QmK-RG-LZ3"/>
                        <segue destination="vBv-ll-wuh" kind="relationship" relationship="viewControllers" id="PaS-3k-sNv"/>
                        <segue destination="YdN-FX-eHb" kind="relationship" relationship="viewControllers" id="J2a-RZ-QhC"/>
                        <segue destination="Upg-3q-QzQ" kind="relationship" relationship="viewControllers" id="oCy-W9-Kf5"/>
                        <segue destination="cc2-QX-Khq" kind="relationship" relationship="viewControllers" id="W68-Z9-WGr"/>
                        <segue destination="zXl-wH-gBI" kind="relationship" relationship="viewControllers" id="eWD-KD-RdF"/>
                    </connections>
                </tabBarController>
                <placeholder placeholderIdentifier="IBFirstResponder" id="s2D-qv-YpC" userLabel="First Responder" customClass="UIResponder" sceneMemberID="firstResponder"/>
            </objects>
            <point key="canvasLocation" x="1347" y="-23"/>
        </scene>
    </scenes>
    <resources>
        <image name="b.square" catalog="system" width="128" height="114"/>
        <image name="g.square" catalog="system" width="128" height="114"/>
        <image name="o.square" catalog="system" width="128" height="114"/>
        <image name="p.square" catalog="system" width="128" height="114"/>
        <image name="profilephoto" width="500" height="500"/>
        <image name="r.square" catalog="system" width="128" height="114"/>
        <image name="v.square" catalog="system" width="128" height="114"/>
        <image name="y.square" catalog="system" width="128" height="114"/>
        <systemColor name="labelColor">
            <color white="0.0" alpha="1" colorSpace="custom" customColorSpace="genericGamma22GrayColorSpace"/>
        </systemColor>
        <systemColor name="systemBackgroundColor">
            <color white="1" alpha="1" colorSpace="custom" customColorSpace="genericGamma22GrayColorSpace"/>
        </systemColor>
        <systemColor name="systemBlueColor">
            <color red="0.0" green="0.47843137254901963" blue="1" alpha="1" colorSpace="custom" customColorSpace="sRGB"/>
        </systemColor>
        <systemColor name="systemGreenColor">
            <color red="0.20392156862745098" green="0.7803921568627451" blue="0.34901960784313724" alpha="1" colorSpace="custom" customColorSpace="sRGB"/>
        </systemColor>
        <systemColor name="systemOrangeColor">
            <color red="1" green="0.58431372549019611" blue="0.0" alpha="1" colorSpace="custom" customColorSpace="sRGB"/>
        </systemColor>
        <systemColor name="systemPinkColor">
            <color red="1" green="0.17647058823529413" blue="0.33333333333333331" alpha="1" colorSpace="custom" customColorSpace="sRGB"/>
        </systemColor>
        <systemColor name="systemRedColor">
            <color red="1" green="0.23137254901960785" blue="0.18823529411764706" alpha="1" colorSpace="custom" customColorSpace="sRGB"/>
        </systemColor>
        <systemColor name="systemYellowColor">
            <color red="1" green="0.80000000000000004" blue="0.0" alpha="1" colorSpace="custom" customColorSpace="sRGB"/>
        </systemColor>
    </resources>
</document>
