<?xml version="1.0" encoding="UTF-8"?>
<document type="com.apple.InterfaceBuilder3.CocoaTouch.Storyboard.XIB" version="3.0" toolsVersion="32700.99.1234" targetRuntime="iOS.CocoaTouch" propertyAccessControl="none" useAutolayout="YES" useTraitCollections="YES" useSafeAreas="YES" colorMatched="YES" initialViewController="7cU-W7-IpE">
    <device id="retina6_12" orientation="portrait" appearance="light"/>
    <dependencies>
        <plugIn identifier="com.apple.InterfaceBuilder.IBCocoaTouchPlugin" version="22684"/>
        <capability name="Safe area layout guides" minToolsVersion="9.0"/>
        <capability name="System colors in document resources" minToolsVersion="11.0"/>
        <capability name="documents saved in the Xcode 8 format" minToolsVersion="8.0"/>
    </dependencies>
    <scenes>
        <!--Red-->
        <scene sceneID="tne-QT-ifu">
            <objects>
                <viewController id="BYZ-38-t0r" customClass="RedViewController" customModule="RainbowChallenge" customModuleProvider="target" sceneMemberID="viewController">
                    <view key="view" contentMode="scaleToFill" id="8bC-Xf-vdC">
                        <rect key="frame" x="0.0" y="0.0" width="393" height="852"/>
                        <autoresizingMask key="autoresizingMask" widthSizable="YES" heightSizable="YES"/>
                        <viewLayoutGuide key="safeArea" id="6Tk-OE-BBY"/>
                        <color key="backgroundColor" systemColor="systemRedColor"/>
                    </view>
                    <tabBarItem key="tabBarItem" title="Red" id="2NZ-8B-3R4"/>
                </viewController>
                <placeholder placeholderIdentifier="IBFirstResponder" id="dkx-z0-nzr" sceneMemberID="firstResponder"/>
            </objects>
            <point key="canvasLocation" x="869.46564885496184" y="3.5211267605633805"/>
        </scene>
        <!--Green-->
        <scene sceneID="3nj-JR-V5c">
            <objects>
                <viewController id="KKa-Vk-bo9" customClass="YellowViewController" customModule="RainbowChallenge" customModuleProvider="target" sceneMemberID="viewController">
                    <view key="view" contentMode="scaleToFill" id="DOr-G7-3Jf">
                        <rect key="frame" x="0.0" y="0.0" width="393" height="852"/>
                        <autoresizingMask key="autoresizingMask" widthSizable="YES" heightSizable="YES"/>
                        <viewLayoutGuide key="safeArea" id="QEg-Rp-1vD"/>
                        <color key="backgroundColor" systemColor="systemGreenColor"/>
                    </view>
                    <tabBarItem key="tabBarItem" title="Green" id="Yxa-wS-6Jk"/>
                </viewController>
                <placeholder placeholderIdentifier="IBFirstResponder" id="alU-TA-U7H" userLabel="First Responder" customClass="UIResponder" sceneMemberID="firstResponder"/>
            </objects>
            <point key="canvasLocation" x="1579.3893129770993" y="3.5211267605633805"/>
        </scene>
        <!--Blue-->
        <scene sceneID="Hea-X7-J5f">
            <objects>
                <viewController id="qww-bG-qGZ" customClass="BlueViewController" customModule="RainbowChallenge" customModuleProvider="target" sceneMemberID="viewController">
                    <view key="view" contentMode="scaleToFill" id="hKQ-ar-Q9d">
                        <rect key="frame" x="0.0" y="0.0" width="393" height="852"/>
                        <autoresizingMask key="autoresizingMask" widthSizable="YES" heightSizable="YES"/>
                        <viewLayoutGuide key="safeArea" id="pbE-jI-hK4"/>
                        <color key="backgroundColor" systemColor="systemBlueColor"/>
                    </view>
                    <tabBarItem key="tabBarItem" title="Blue" id="zsZ-yh-igc"/>
                </viewController>
                <placeholder placeholderIdentifier="IBFirstResponder" id="P1t-cq-jfh" userLabel="First Responder" customClass="UIResponder" sceneMemberID="firstResponder"/>
            </objects>
            <point key="canvasLocation" x="2304.5801526717555" y="3.5211267605633805"/>
        </scene>
        <!--Tab Bar Controller-->
        <scene sceneID="zTc-vD-KOl">
            <objects>
                <tabBarController automaticallyAdjustsScrollViewInsets="NO" id="7cU-W7-IpE" sceneMemberID="viewController">
                    <toolbarItems/>
                    <tabBar key="tabBar" contentMode="scaleToFill" insetsLayoutMarginsFromSafeArea="NO" id="axg-8z-vCd">
                        <autoresizingMask key="autoresizingMask"/>
                        <color key="backgroundColor" white="0.0" alpha="0.0" colorSpace="custom" customColorSpace="genericGamma22GrayColorSpace"/>
                    </tabBar>
                    <connections>
                        <segue destination="BYZ-38-t0r" kind="relationship" relationship="viewControllers" id="hq3-Re-gLR"/>
                        <segue destination="KKa-Vk-bo9" kind="relationship" relationship="viewControllers" id="4Kt-IX-TwM"/>
                        <segue destination="qww-bG-qGZ" kind="relationship" relationship="viewControllers" id="s1i-aw-Ymj"/>
                    </connections>
                </tabBarController>
                <placeholder placeholderIdentifier="IBFirstResponder" id="lqu-6H-Jed" userLabel="First Responder" customClass="UIResponder" sceneMemberID="firstResponder"/>
            </objects>
            <point key="canvasLocation" x="1488" y="-1039"/>
        </scene>
    </scenes>
    <resources>
        <systemColor name="systemBlueColor">
            <color red="0.0" green="0.47843137254901963" blue="1" alpha="1" colorSpace="custom" customColorSpace="sRGB"/>
        </systemColor>
        <systemColor name="systemGreenColor">
            <color red="0.20392156862745098" green="0.7803921568627451" blue="0.34901960784313724" alpha="1" colorSpace="custom" customColorSpace="sRGB"/>
        </systemColor>
        <systemColor name="systemRedColor">
            <color red="1" green="0.23137254901960785" blue="0.18823529411764706" alpha="1" colorSpace="custom" customColorSpace="sRGB"/>
        </systemColor>
    </resources>
</document>
