<?xml version="1.0" encoding="UTF-8"?>
<document type="com.apple.InterfaceBuilder3.CocoaTouch.Storyboard.XIB" version="3.0" toolsVersion="32700.99.1234" targetRuntime="iOS.CocoaTouch" propertyAccessControl="none" useAutolayout="YES" useTraitCollections="YES" useSafeAreas="YES" colorMatched="YES" initialViewController="V3e-Kl-qQR">
    <device id="retina6_12" orientation="portrait" appearance="light"/>
    <dependencies>
        <plugIn identifier="com.apple.InterfaceBuilder.IBCocoaTouchPlugin" version="22684"/>
        <capability name="Safe area layout guides" minToolsVersion="9.0"/>
        <capability name="System colors in document resources" minToolsVersion="11.0"/>
        <capability name="documents saved in the Xcode 8 format" minToolsVersion="8.0"/>
    </dependencies>
    <scenes>
        <!--Red-->
        <scene sceneID="tne-QT-ifu">
            <objects>
                <viewController id="BYZ-38-t0r" customClass="ViewController" customModule="ProgrammaticSegues" customModuleProvider="target" sceneMemberID="viewController">
                    <view key="view" contentMode="scaleToFill" id="8bC-Xf-vdC">
                        <rect key="frame" x="0.0" y="0.0" width="393" height="852"/>
                        <autoresizingMask key="autoresizingMask" widthSizable="YES" heightSizable="YES"/>
                        <subviews>
                            <button opaque="NO" contentMode="scaleToFill" fixedFrame="YES" contentHorizontalAlignment="center" contentVerticalAlignment="center" buttonType="system" lineBreakMode="middleTruncation" translatesAutoresizingMaskIntoConstraints="NO" id="Dgs-Ut-RsU">
                                <rect key="frame" x="17" y="321" width="135" height="35"/>
                                <autoresizingMask key="autoresizingMask" flexibleMaxX="YES" flexibleMaxY="YES"/>
                                <state key="normal" title="Button"/>
                                <buttonConfiguration key="configuration" style="plain" title="Push to Yellow"/>
                                <connections>
                                    <action selector="yellowButtonTapped:" destination="BYZ-38-t0r" eventType="touchUpInside" id="bxb-8G-Zek"/>
                                </connections>
                            </button>
                            <button opaque="NO" contentMode="scaleToFill" fixedFrame="YES" contentHorizontalAlignment="center" contentVerticalAlignment="center" buttonType="system" lineBreakMode="middleTruncation" translatesAutoresizingMaskIntoConstraints="NO" id="Oa4-cq-NGs">
                                <rect key="frame" x="224" y="321" width="132" height="35"/>
                                <autoresizingMask key="autoresizingMask" flexibleMaxX="YES" flexibleMaxY="YES"/>
                                <state key="normal" title="Button"/>
                                <buttonConfiguration key="configuration" style="plain" title="Push to Green"/>
                                <connections>
                                    <action selector="greenButtonTapped:" destination="BYZ-38-t0r" eventType="touchUpInside" id="sse-U8-caJ"/>
                                </connections>
                            </button>
                            <switch opaque="NO" contentMode="scaleToFill" horizontalHuggingPriority="750" verticalHuggingPriority="750" fixedFrame="YES" contentHorizontalAlignment="center" contentVerticalAlignment="center" on="YES" translatesAutoresizingMaskIntoConstraints="NO" id="9XM-qj-Pak">
                                <rect key="frame" x="172" y="411" width="49" height="31"/>
                                <autoresizingMask key="autoresizingMask" flexibleMaxX="YES" flexibleMaxY="YES"/>
                            </switch>
                        </subviews>
                        <viewLayoutGuide key="safeArea" id="6Tk-OE-BBY"/>
                        <color key="backgroundColor" systemColor="systemRedColor"/>
                    </view>
                    <navigationItem key="navigationItem" title="Red" id="WBg-e8-fuS"/>
                    <connections>
                        <outlet property="segueSwitch" destination="9XM-qj-Pak" id="xaN-g6-8fZ"/>
                        <segue destination="azi-fA-Wdn" kind="show" identifier="Yellow" id="FrJ-UD-FPB"/>
                        <segue destination="UNw-uw-zbY" kind="show" identifier="Green" id="qz6-mG-zKR"/>
                    </connections>
                </viewController>
                <placeholder placeholderIdentifier="IBFirstResponder" id="dkx-z0-nzr" sceneMemberID="firstResponder"/>
            </objects>
            <point key="canvasLocation" x="869.46564885496184" y="3.5211267605633805"/>
        </scene>
        <!-- -->
        <scene sceneID="i5k-1V-B6B">
            <objects>
                <viewController id="azi-fA-Wdn" sceneMemberID="viewController">
                    <view key="view" contentMode="scaleToFill" id="68d-pr-uRM">
                        <rect key="frame" x="0.0" y="0.0" width="393" height="852"/>
                        <autoresizingMask key="autoresizingMask" widthSizable="YES" heightSizable="YES"/>
                        <viewLayoutGuide key="safeArea" id="DGB-nW-CPw"/>
                        <color key="backgroundColor" systemColor="systemYellowColor"/>
                    </view>
                    <navigationItem key="navigationItem" title=" " id="ay5-FD-Yx3"/>
                </viewController>
                <placeholder placeholderIdentifier="IBFirstResponder" id="Msg-eA-59i" userLabel="First Responder" customClass="UIResponder" sceneMemberID="firstResponder"/>
            </objects>
            <point key="canvasLocation" x="1642" y="-235"/>
        </scene>
        <!-- -->
        <scene sceneID="sO6-Ew-E7Q">
            <objects>
                <viewController id="UNw-uw-zbY" sceneMemberID="viewController">
                    <view key="view" contentMode="scaleToFill" id="P3c-mX-FZG">
                        <rect key="frame" x="0.0" y="0.0" width="393" height="852"/>
                        <autoresizingMask key="autoresizingMask" widthSizable="YES" heightSizable="YES"/>
                        <viewLayoutGuide key="safeArea" id="3Du-lm-esh"/>
                        <color key="backgroundColor" systemColor="systemGreenColor"/>
                    </view>
                    <navigationItem key="navigationItem" title=" " id="oWK-Wp-eyH"/>
                </viewController>
                <placeholder placeholderIdentifier="IBFirstResponder" id="Tpf-VK-IT5" userLabel="First Responder" customClass="UIResponder" sceneMemberID="firstResponder"/>
            </objects>
            <point key="canvasLocation" x="1642" y="431"/>
        </scene>
        <!--Navigation Controller-->
        <scene sceneID="zVR-pn-Bi4">
            <objects>
                <navigationController automaticallyAdjustsScrollViewInsets="NO" id="V3e-Kl-qQR" sceneMemberID="viewController">
                    <toolbarItems/>
                    <navigationBar key="navigationBar" contentMode="scaleToFill" largeTitles="YES" id="lOP-vS-SVW">
                        <rect key="frame" x="0.0" y="59" width="393" height="96"/>
                        <autoresizingMask key="autoresizingMask"/>
                    </navigationBar>
                    <nil name="viewControllers"/>
                    <connections>
                        <segue destination="BYZ-38-t0r" kind="relationship" relationship="rootViewController" id="VHs-Vp-4ar"/>
                    </connections>
                </navigationController>
                <placeholder placeholderIdentifier="IBFirstResponder" id="6Ys-1b-hfX" userLabel="First Responder" customClass="UIResponder" sceneMemberID="firstResponder"/>
            </objects>
            <point key="canvasLocation" x="-57.251908396946561" y="3.5211267605633805"/>
        </scene>
    </scenes>
    <resources>
        <systemColor name="systemGreenColor">
            <color red="0.20392156862745098" green="0.7803921568627451" blue="0.34901960784313724" alpha="1" colorSpace="custom" customColorSpace="sRGB"/>
        </systemColor>
        <systemColor name="systemRedColor">
            <color red="1" green="0.23137254901960785" blue="0.18823529411764706" alpha="1" colorSpace="custom" customColorSpace="sRGB"/>
        </systemColor>
        <systemColor name="systemYellowColor">
            <color red="1" green="0.80000000000000004" blue="0.0" alpha="1" colorSpace="custom" customColorSpace="sRGB"/>
        </systemColor>
    </resources>
</document>
