<?xml version="1.0" encoding="UTF-8"?>
<document type="com.apple.InterfaceBuilder3.CocoaTouch.Storyboard.XIB" version="3.0" toolsVersion="32700.99.1234" targetRuntime="iOS.CocoaTouch" propertyAccessControl="none" useAutolayout="YES" useTraitCollections="YES" useSafeAreas="YES" colorMatched="YES" initialViewController="y8W-j4-Jc9">
    <device id="retina6_12" orientation="portrait" appearance="light"/>
    <dependencies>
        <plugIn identifier="com.apple.InterfaceBuilder.IBCocoaTouchPlugin" version="22684"/>
        <capability name="Safe area layout guides" minToolsVersion="9.0"/>
        <capability name="System colors in document resources" minToolsVersion="11.0"/>
        <capability name="documents saved in the Xcode 8 format" minToolsVersion="8.0"/>
    </dependencies>
    <scenes>
        <!--Red-->
        <scene sceneID="tne-QT-ifu">
            <objects>
                <viewController id="BYZ-38-t0r" customClass="RedViewController" customModule="RainbowTabs" customModuleProvider="target" sceneMemberID="viewController">
                    <view key="view" contentMode="scaleToFill" id="8bC-Xf-vdC">
                        <rect key="frame" x="0.0" y="0.0" width="393" height="852"/>
                        <autoresizingMask key="autoresizingMask" widthSizable="YES" heightSizable="YES"/>
                        <subviews>
                            <label opaque="NO" userInteractionEnabled="NO" contentMode="left" horizontalHuggingPriority="251" verticalHuggingPriority="251" text="RED Page" textAlignment="natural" lineBreakMode="tailTruncation" baselineAdjustment="alignBaselines" adjustsFontSizeToFit="NO" translatesAutoresizingMaskIntoConstraints="NO" id="jak-qK-xCk">
                                <rect key="frame" x="159" y="415.66666666666669" width="75" height="21"/>
                                <fontDescription key="fontDescription" type="system" pointSize="17"/>
                                <nil key="textColor"/>
                                <nil key="highlightedColor"/>
                            </label>
                        </subviews>
                        <viewLayoutGuide key="safeArea" id="6Tk-OE-BBY"/>
                        <color key="backgroundColor" systemColor="systemRedColor"/>
                        <constraints>
                            <constraint firstItem="jak-qK-xCk" firstAttribute="centerY" secondItem="8bC-Xf-vdC" secondAttribute="centerY" id="HUR-pQ-wiL"/>
                            <constraint firstItem="jak-qK-xCk" firstAttribute="centerX" secondItem="8bC-Xf-vdC" secondAttribute="centerX" id="JoH-N9-gVG"/>
                        </constraints>
                    </view>
                    <tabBarItem key="tabBarItem" title="Red" image="r.square" catalog="system" id="hAl-0N-Yfk"/>
                </viewController>
                <placeholder placeholderIdentifier="IBFirstResponder" id="dkx-z0-nzr" sceneMemberID="firstResponder"/>
            </objects>
            <point key="canvasLocation" x="-816" y="761"/>
        </scene>
        <!--Orange-->
        <scene sceneID="pTK-Sj-bXe">
            <objects>
                <viewController id="H63-Zh-z36" customClass="OrangeViewController" customModule="RainbowTabs" customModuleProvider="target" sceneMemberID="viewController">
                    <view key="view" contentMode="scaleToFill" id="gvu-ER-kbf">
                        <rect key="frame" x="0.0" y="0.0" width="393" height="852"/>
                        <autoresizingMask key="autoresizingMask" widthSizable="YES" heightSizable="YES"/>
                        <subviews>
                            <label opaque="NO" userInteractionEnabled="NO" contentMode="left" horizontalHuggingPriority="251" verticalHuggingPriority="251" text="ORANGE Page" textAlignment="natural" lineBreakMode="tailTruncation" baselineAdjustment="alignBaselines" adjustsFontSizeToFit="NO" translatesAutoresizingMaskIntoConstraints="NO" id="87n-Uw-nVo">
                                <rect key="frame" x="140.66666666666666" y="415.66666666666669" width="112" height="21"/>
                                <fontDescription key="fontDescription" type="system" pointSize="17"/>
                                <nil key="textColor"/>
                                <nil key="highlightedColor"/>
                            </label>
                        </subviews>
                        <viewLayoutGuide key="safeArea" id="d0S-Bi-zOe"/>
                        <color key="backgroundColor" systemColor="systemOrangeColor"/>
                        <constraints>
                            <constraint firstItem="87n-Uw-nVo" firstAttribute="centerX" secondItem="gvu-ER-kbf" secondAttribute="centerX" id="ceT-9F-uDN"/>
                            <constraint firstItem="87n-Uw-nVo" firstAttribute="centerY" secondItem="gvu-ER-kbf" secondAttribute="centerY" id="eHb-lh-906"/>
                        </constraints>
                    </view>
                    <tabBarItem key="tabBarItem" title="Orange" image="o.square" catalog="system" id="ytk-X0-BvP"/>
                </viewController>
                <placeholder placeholderIdentifier="IBFirstResponder" id="z78-T6-FpP" userLabel="First Responder" customClass="UIResponder" sceneMemberID="firstResponder"/>
            </objects>
            <point key="canvasLocation" x="23.664122137404579" y="760.56338028169023"/>
        </scene>
        <!--Yellow-->
        <scene sceneID="xb7-iU-wij">
            <objects>
                <viewController id="36n-gq-v24" customClass="YellowViewController" customModule="RainbowTabs" customModuleProvider="target" sceneMemberID="viewController">
                    <view key="view" contentMode="scaleToFill" id="vLb-R4-BXP">
                        <rect key="frame" x="0.0" y="0.0" width="393" height="852"/>
                        <autoresizingMask key="autoresizingMask" widthSizable="YES" heightSizable="YES"/>
                        <subviews>
                            <label opaque="NO" userInteractionEnabled="NO" contentMode="left" horizontalHuggingPriority="251" verticalHuggingPriority="251" text="YELLOW Page" textAlignment="natural" lineBreakMode="tailTruncation" baselineAdjustment="alignBaselines" adjustsFontSizeToFit="NO" translatesAutoresizingMaskIntoConstraints="NO" id="z5C-YK-3dw">
                                <rect key="frame" x="141.66666666666666" y="415.66666666666669" width="110" height="21"/>
                                <fontDescription key="fontDescription" type="system" pointSize="17"/>
                                <nil key="textColor"/>
                                <nil key="highlightedColor"/>
                            </label>
                        </subviews>
                        <viewLayoutGuide key="safeArea" id="Dw0-WS-Ik3"/>
                        <color key="backgroundColor" systemColor="systemYellowColor"/>
                        <constraints>
                            <constraint firstItem="z5C-YK-3dw" firstAttribute="centerY" secondItem="vLb-R4-BXP" secondAttribute="centerY" id="XrO-nz-oyE"/>
                            <constraint firstItem="z5C-YK-3dw" firstAttribute="centerX" secondItem="vLb-R4-BXP" secondAttribute="centerX" id="x87-0E-0hb"/>
                        </constraints>
                    </view>
                    <tabBarItem key="tabBarItem" title="Yellow" image="y.square" catalog="system" id="BHJ-ku-Rka"/>
                </viewController>
                <placeholder placeholderIdentifier="IBFirstResponder" id="dbj-5J-pmE" userLabel="First Responder" customClass="UIResponder" sceneMemberID="firstResponder"/>
            </objects>
            <point key="canvasLocation" x="847" y="761"/>
        </scene>
        <!--Green-->
        <scene sceneID="8XV-V0-XA8">
            <objects>
                <viewController id="bRd-Z3-0nf" customClass="GreenViewController" customModule="RainbowTabs" customModuleProvider="target" sceneMemberID="viewController">
                    <view key="view" contentMode="scaleToFill" id="nlu-B0-HK0">
                        <rect key="frame" x="0.0" y="0.0" width="393" height="852"/>
                        <autoresizingMask key="autoresizingMask" widthSizable="YES" heightSizable="YES"/>
                        <subviews>
                            <label opaque="NO" userInteractionEnabled="NO" contentMode="left" horizontalHuggingPriority="251" verticalHuggingPriority="251" text="GREEN Page" textAlignment="natural" lineBreakMode="tailTruncation" baselineAdjustment="alignBaselines" adjustsFontSizeToFit="NO" translatesAutoresizingMaskIntoConstraints="NO" id="3gC-MG-sdb">
                                <rect key="frame" x="147.66666666666666" y="415.66666666666669" width="98" height="21"/>
                                <fontDescription key="fontDescription" type="system" pointSize="17"/>
                                <nil key="textColor"/>
                                <nil key="highlightedColor"/>
                            </label>
                        </subviews>
                        <viewLayoutGuide key="safeArea" id="m3i-6I-xBu"/>
                        <color key="backgroundColor" systemColor="systemGreenColor"/>
                        <constraints>
                            <constraint firstItem="3gC-MG-sdb" firstAttribute="centerY" secondItem="nlu-B0-HK0" secondAttribute="centerY" id="CYp-a8-3Tr"/>
                            <constraint firstItem="3gC-MG-sdb" firstAttribute="centerX" secondItem="nlu-B0-HK0" secondAttribute="centerX" id="gE8-mw-k5e"/>
                        </constraints>
                    </view>
                    <tabBarItem key="tabBarItem" title="Green" image="g.square" catalog="system" id="3QJ-rd-EZx"/>
                </viewController>
                <placeholder placeholderIdentifier="IBFirstResponder" id="q9z-EK-6fq" userLabel="First Responder" customClass="UIResponder" sceneMemberID="firstResponder"/>
            </objects>
            <point key="canvasLocation" x="1615" y="761"/>
        </scene>
        <!--Blue-->
        <scene sceneID="9FW-K6-W0a">
            <objects>
                <viewController id="POQ-za-RzW" customClass="BlueViewController" customModule="RainbowTabs" customModuleProvider="target" sceneMemberID="viewController">
                    <view key="view" contentMode="scaleToFill" id="g5u-nL-FGO">
                        <rect key="frame" x="0.0" y="0.0" width="393" height="852"/>
                        <autoresizingMask key="autoresizingMask" widthSizable="YES" heightSizable="YES"/>
                        <subviews>
                            <label opaque="NO" userInteractionEnabled="NO" contentMode="left" horizontalHuggingPriority="251" verticalHuggingPriority="251" text="BLUE Page" textAlignment="natural" lineBreakMode="tailTruncation" baselineAdjustment="alignBaselines" adjustsFontSizeToFit="NO" translatesAutoresizingMaskIntoConstraints="NO" id="7Uc-py-Ihc">
                                <rect key="frame" x="154.66666666666666" y="415.66666666666669" width="84" height="21"/>
                                <fontDescription key="fontDescription" type="system" pointSize="17"/>
                                <nil key="textColor"/>
                                <nil key="highlightedColor"/>
                            </label>
                        </subviews>
                        <viewLayoutGuide key="safeArea" id="BYB-Jj-jmS"/>
                        <color key="backgroundColor" systemColor="systemBlueColor"/>
                        <constraints>
                            <constraint firstItem="7Uc-py-Ihc" firstAttribute="centerY" secondItem="g5u-nL-FGO" secondAttribute="centerY" id="nzO-76-Nlc"/>
                            <constraint firstItem="7Uc-py-Ihc" firstAttribute="centerX" secondItem="g5u-nL-FGO" secondAttribute="centerX" id="qUl-2V-75v"/>
                        </constraints>
                    </view>
                    <tabBarItem key="tabBarItem" title="Blue" image="b.square" catalog="system" id="GT1-Wd-mNY"/>
                </viewController>
                <placeholder placeholderIdentifier="IBFirstResponder" id="HX8-d9-QTx" userLabel="First Responder" customClass="UIResponder" sceneMemberID="firstResponder"/>
            </objects>
            <point key="canvasLocation" x="2364" y="761"/>
        </scene>
        <!--Purple-->
        <scene sceneID="clA-eF-ekN">
            <objects>
                <viewController id="Br0-fv-OuU" customClass="PurpleViewController" customModule="RainbowTabs" customModuleProvider="target" sceneMemberID="viewController">
                    <view key="view" contentMode="scaleToFill" id="Pff-xT-xTH">
                        <rect key="frame" x="0.0" y="0.0" width="393" height="852"/>
                        <autoresizingMask key="autoresizingMask" widthSizable="YES" heightSizable="YES"/>
                        <subviews>
                            <label opaque="NO" userInteractionEnabled="NO" contentMode="left" horizontalHuggingPriority="251" verticalHuggingPriority="251" text="PURPLE Page" textAlignment="natural" lineBreakMode="tailTruncation" baselineAdjustment="alignBaselines" adjustsFontSizeToFit="NO" translatesAutoresizingMaskIntoConstraints="NO" id="uf7-kR-OLG">
                                <rect key="frame" x="144" y="415.66666666666669" width="105" height="21"/>
                                <fontDescription key="fontDescription" type="system" pointSize="17"/>
                                <nil key="textColor"/>
                                <nil key="highlightedColor"/>
                            </label>
                        </subviews>
                        <viewLayoutGuide key="safeArea" id="ota-4z-vJd"/>
                        <color key="backgroundColor" systemColor="systemPurpleColor"/>
                        <constraints>
                            <constraint firstItem="uf7-kR-OLG" firstAttribute="centerX" secondItem="Pff-xT-xTH" secondAttribute="centerX" id="Wgb-nx-XJa"/>
                            <constraint firstItem="uf7-kR-OLG" firstAttribute="centerY" secondItem="Pff-xT-xTH" secondAttribute="centerY" id="jcn-yt-AI9"/>
                        </constraints>
                    </view>
                    <tabBarItem key="tabBarItem" title="Purple" image="p.square" catalog="system" id="HTJ-zG-4Y0"/>
                </viewController>
                <placeholder placeholderIdentifier="IBFirstResponder" id="Y2e-BL-6uR" userLabel="First Responder" customClass="UIResponder" sceneMemberID="firstResponder"/>
            </objects>
            <point key="canvasLocation" x="3094" y="761"/>
        </scene>
        <!--Tab Bar Controller-->
        <scene sceneID="Gmu-qS-cus">
            <objects>
                <tabBarController automaticallyAdjustsScrollViewInsets="NO" id="y8W-j4-Jc9" sceneMemberID="viewController">
                    <toolbarItems/>
                    <tabBar key="tabBar" contentMode="scaleToFill" insetsLayoutMarginsFromSafeArea="NO" id="Eyx-ra-wTH">
                        <rect key="frame" x="0.0" y="0.0" width="1000" height="1000"/>
                        <autoresizingMask key="autoresizingMask"/>
                        <color key="backgroundColor" white="0.0" alpha="0.0" colorSpace="custom" customColorSpace="genericGamma22GrayColorSpace"/>
                        <tabBarAppearance key="scrollEdgeAppearance"/>
                    </tabBar>
                    <connections>
                        <segue destination="BYZ-38-t0r" kind="relationship" relationship="viewControllers" id="2Ze-cr-SUU"/>
                        <segue destination="H63-Zh-z36" kind="relationship" relationship="viewControllers" id="mt9-Kx-0rc"/>
                        <segue destination="36n-gq-v24" kind="relationship" relationship="viewControllers" id="LZA-Vk-YaO"/>
                        <segue destination="bRd-Z3-0nf" kind="relationship" relationship="viewControllers" id="GHM-If-u5u"/>
                        <segue destination="POQ-za-RzW" kind="relationship" relationship="viewControllers" id="daf-p8-Si4"/>
                        <segue destination="Br0-fv-OuU" kind="relationship" relationship="viewControllers" id="BD1-iC-x0A"/>
                    </connections>
                </tabBarController>
                <placeholder placeholderIdentifier="IBFirstResponder" id="7uo-ra-Jr8" userLabel="First Responder" customClass="UIResponder" sceneMemberID="firstResponder"/>
            </objects>
            <point key="canvasLocation" x="1192" y="-22"/>
        </scene>
    </scenes>
    <resources>
        <image name="b.square" catalog="system" width="128" height="114"/>
        <image name="g.square" catalog="system" width="128" height="114"/>
        <image name="o.square" catalog="system" width="128" height="114"/>
        <image name="p.square" catalog="system" width="128" height="114"/>
        <image name="r.square" catalog="system" width="128" height="114"/>
        <image name="y.square" catalog="system" width="128" height="114"/>
        <systemColor name="systemBlueColor">
            <color red="0.0" green="0.47843137254901963" blue="1" alpha="1" colorSpace="custom" customColorSpace="sRGB"/>
        </systemColor>
        <systemColor name="systemGreenColor">
            <color red="0.20392156862745098" green="0.7803921568627451" blue="0.34901960784313724" alpha="1" colorSpace="custom" customColorSpace="sRGB"/>
        </systemColor>
        <systemColor name="systemOrangeColor">
            <color red="1" green="0.58431372549019611" blue="0.0" alpha="1" colorSpace="custom" customColorSpace="sRGB"/>
        </systemColor>
        <systemColor name="systemPurpleColor">
            <color red="0.68627450980392157" green="0.32156862745098042" blue="0.87058823529411766" alpha="1" colorSpace="custom" customColorSpace="sRGB"/>
        </systemColor>
        <systemColor name="systemRedColor">
            <color red="1" green="0.23137254901960785" blue="0.18823529411764706" alpha="1" colorSpace="custom" customColorSpace="sRGB"/>
        </systemColor>
        <systemColor name="systemYellowColor">
            <color red="1" green="0.80000000000000004" blue="0.0" alpha="1" colorSpace="custom" customColorSpace="sRGB"/>
        </systemColor>
    </resources>
</document>
